logid,date,staffnumber,projectid,hours
3618918,2020-04-01,3535,25774,7.5
3618978,2020-04-01,5727,18201,7.5
3618979,2020-04-02,5727,18201,7.5
3618993,2020-04-01,5689,21537,2.5
3618995,2020-04-02,5689,15362,2
3618996,2020-04-02,5689,21537,5.5
3618997,2020-04-03,5689,21537,7.5
3619150,2020-04-03,5727,18201,7.5
3619151,2020-04-06,5727,18201,7.5
3619161,2020-04-06,5689,15362,2.5
3619162,2020-04-06,5689,21537,5
3619239,2020-04-01,3631,21537,7.5
3619240,2020-04-02,3631,21537,7.5
3619241,2020-04-03,3631,21537,7.5
3619242,2020-04-06,3631,21537,7.5
3619243,2020-04-07,3631,21537,7.5
3619244,2020-04-08,3631,21537,7.5
3619245,2020-04-09,3631,21537,7.5
3619248,2020-04-01,5722,18201,7.5
3619249,2020-04-02,5722,18201,7.5
3619250,2020-04-03,5722,18201,7.5
3619251,2020-04-06,5722,18201,7.5
3619252,2020-04-07,5722,18201,7.5
3619253,2020-04-08,5722,18201,7.5
3619254,2020-04-09,5722,18201,7.5
3619268,2020-04-02,3535,20448,7.5
3619269,2020-04-03,3535,20448,7.5
3619271,2020-04-06,3535,20448,7.5
3619272,2020-04-07,3535,20448,7.5
3619274,2020-04-08,3535,20448,7.5
3619276,2020-04-09,3535,20448,7.5
3619354,2020-04-07,5727,18201,7.5
3619653,2020-04-07,5689,21537,7.5
3619654,2020-04-08,5689,21537,7.5
3619655,2020-04-09,5689,21537,7.5
3629212,2020-05-21,5689,21537,7.5
3629214,2020-05-22,5689,15362,5
3629215,2020-05-22,5689,21537,2.5
3629231,2020-05-25,5727,18201,7.5
3629481,2020-05-26,5727,18201,7.5
3629487,2020-05-11,3631,21537,7.5
3629488,2020-05-12,3631,21537,7.5
3629489,2020-05-13,3631,21537,7.5
3629490,2020-05-14,3631,21537,7.5
3629491,2020-05-19,3631,21537,7.5
3629492,2020-05-20,3631,21537,7.5
3629493,2020-05-21,3631,21537,7.5
3629494,2020-05-22,3631,21537,7.5
3629495,2020-05-11,5722,18201,7.5
3629496,2020-05-12,5722,18201,7.5
3629497,2020-05-13,5722,18201,7.5
3629498,2020-05-14,5722,18201,7.5
3629499,2020-05-15,5722,18201,7.5
3629501,2020-05-19,5722,18201,7.5
3629502,2020-05-20,5722,18201,7.5
3629504,2020-05-21,5722,18201,7.5
3629505,2020-05-22,5722,18201,7.5
3629515,2020-05-25,5722,18201,7.5
3629516,2020-05-26,5722,18201,7.5
3629517,2020-05-27,5722,18201,7.5
3629518,2020-05-28,5722,18201,7.5
3629519,2020-05-29,5722,18201,7.5
3629520,2020-05-25,3631,21537,7.5
3629521,2020-05-26,3631,21537,7.5
3629522,2020-05-27,3631,21537,7.5
3629523,2020-05-28,3631,21537,7.5
3629524,2020-05-29,3631,21537,7.5
3629645,2020-05-11,3535,20448,7.5
3629646,2020-05-12,3535,20448,7.5
3629647,2020-05-13,3535,20448,7.5
3629648,2020-05-14,3535,20448,7.5
3629649,2020-05-15,3535,20448,7.5
3629650,2020-05-19,3535,20448,7.5
3629651,2020-05-20,3535,20448,7.5
3629652,2020-05-21,3535,20448,7.5
3629653,2020-05-22,3535,20448,7.5
3629700,2020-05-11,3636,19348,0.5
3629701,2020-05-13,3636,19348,5
3629702,2020-05-13,3636,19348,0.5
3629703,2020-05-12,3636,19348,0.5
3629704,2020-05-13,3636,26885,1
3629705,2020-05-14,3636,19348,5
3629706,2020-05-14,3636,19348,0.5
3629707,2020-05-14,3636,25767,0.5
3629708,2020-05-14,3636,25701,1.5
3629709,2020-05-15,3636,26835,1
3629710,2020-05-15,3636,26829,1.5
3629711,2020-05-15,3636,19348,1
3629712,2020-05-15,3636,19348,2
3629713,2020-05-15,3636,19348,1
3629714,2020-05-15,3636,15357,1
3629715,2020-05-11,3636,19348,2.5
3629716,2020-05-20,3636,25747,0.5
3629717,2020-05-20,3636,25747,2
3629718,2020-05-20,3636,18287,0.5
3629719,2020-05-21,3636,19348,0.5
3629720,2020-05-21,3636,18287,2
3629721,2020-05-21,3636,26835,2
3629722,2020-05-22,3636,25767,0.5
3629723,2020-05-21,3636,19348,3
3629724,2020-05-20,3636,26822,0.5
3629725,2020-05-20,3636,25733,2
3629726,2020-05-19,3636,26855,1.5
3629727,2020-05-19,3636,19348,6
3629728,2020-05-20,3636,19348,2
3629729,2020-05-22,3636,19348,6
3629730,2020-05-22,3636,15357,1
3629780,2020-05-25,5689,15362,7.5
3629781,2020-05-27,5727,18201,7.5
3629782,2020-05-26,5689,21537,7.5
3638116,2020-07-02,5727,18201,7.5
3638386,2020-07-03,5727,18201,7.5
3638534,2020-07-06,5727,18201,7.5
3638592,2020-06-22,3535,20448,7.5
3638593,2020-06-23,3535,20448,7.5
3638594,2020-06-24,3535,20448,7.5
3638595,2020-06-25,3535,20448,7.5
3638596,2020-06-26,3535,20448,7.5
3638597,2020-06-29,3535,20448,7.5
3638598,2020-06-30,3535,20448,7.5
3638599,2020-07-02,3535,20448,7.5
3638600,2020-07-03,3535,20448,7.5
3638772,2020-06-26,3636,25767,0.5
3638777,2020-06-25,3636,25767,0.5
3638781,2020-06-29,3636,25767,0.5
3638782,2020-06-29,3636,25767,0.5
3638784,2020-06-30,3636,25767,0.5
3638786,2020-07-03,3636,19348,1
3638789,2020-06-30,3636,19348,1
3638792,2020-06-29,3636,26829,1
3638793,2020-06-26,3636,25747,1.5
3638794,2020-06-26,3636,18287,0.5
3638795,2020-06-25,3636,25809,1
3638796,2020-06-25,3636,15357,4
3638797,2020-06-24,3636,18285,3
3638798,2020-06-24,3636,25742,2
3638800,2020-06-22,3636,26836,0.5
3638802,2020-06-22,3636,19348,0.5
3638803,2020-06-26,3636,15357,0.5
3638804,2020-06-22,3636,19348,2
3638805,2020-06-22,3636,18285,3
3638806,2020-07-03,3636,26895,1
3638807,2020-07-02,3636,19348,0.25
3638808,2020-07-02,3636,19348,0.75
3638809,2020-07-02,3636,15357,1
3604049,2020-07-14,5689,15362,7.5
3604050,2020-07-15,5689,15362,7.5
3604051,2020-07-16,5689,15362,7.5
3604052,2020-07-17,5689,15362,7.5
3623095,2020-04-13,3535,20448,7.5
3623096,2020-04-14,3535,20448,7.5
3623097,2020-04-15,3535,20448,7.5
3623098,2020-04-16,3535,20448,7.5
3623099,2020-04-17,3535,20448,7.5
3623100,2020-04-20,3535,20448,7.5
3623101,2020-04-21,3535,20448,7.5
3623103,2020-04-22,3535,25767,7.5
3623104,2020-04-23,3535,20448,7.5
3623105,2020-04-24,3535,20448,7.5
3623159,2020-04-27,5689,21537,7.5
3623161,2020-04-28,5689,15362,3
3623304,2020-04-27,5727,18201,7.5
3623305,2020-04-28,5727,18201,7.5
3623480,2020-04-24,3636,19348,4.5
3623481,2020-04-24,3636,19348,1.5
3623482,2020-04-24,3636,18287,1
3623483,2020-04-23,3636,19348,2.5
3623484,2020-04-23,3636,25805,1
3623485,2020-04-22,3636,19348,3
3623486,2020-04-22,3636,19348,3
3623487,2020-04-22,3636,15357,0.5
3623488,2020-04-15,3636,15357,0.5
3623489,2020-04-16,3636,19348,1
3623490,2020-04-14,3636,15357,2
3623491,2020-04-14,3636,15357,1
3623492,2020-04-13,3636,18287,2
3623493,2020-04-23,3636,19348,1.5
3623494,2020-04-24,3636,26827,0.5
3623495,2020-04-23,3636,19348,2
3623496,2020-04-23,3636,15357,0.5
3623497,2020-04-22,3636,19348,1
3623498,2020-04-21,3636,26835,1
3623499,2020-04-20,3636,25780,2
3623500,2020-04-17,3636,19348,2
3623501,2020-04-16,3636,19348,0.5
3623502,2020-04-16,3636,19348,3
3623503,2020-04-15,3636,25784,1.5
3623504,2020-04-13,3636,25701,1.5
3623505,2020-04-14,3636,25779,0.5
3623506,2020-04-14,3636,25709,0.5
3623507,2020-04-14,3636,19348,3.5
3623508,2020-04-15,3636,26830,2
3623509,2020-04-15,3636,25780,0.5
3623510,2020-04-15,3636,19348,3
3623511,2020-04-16,3636,19348,3
3623512,2020-04-17,3636,19348,5.5
3623513,2020-04-20,3636,19348,3.5
3623514,2020-04-21,3636,19348,6.5
3623631,2020-04-27,3631,21537,7.5
3623632,2020-04-28,3631,21537,7.5
3623633,2020-04-27,5722,18201,7.5
3623634,2020-04-28,5722,18201,7.5
3633085,2020-06-26,3631,21537,7.5
3633086,2020-06-29,3631,21537,7.5
3633087,2020-06-30,3631,21537,7.5
3633088,2020-07-02,3631,21537,7.5
3633089,2020-07-03,3631,21537,7.5
3633125,2020-05-25,3636,19348,4.5
3633126,2020-05-25,3636,15357,0.25
3633127,2020-05-26,3636,19348,5
3633129,2020-05-28,3636,19348,4.5
3633130,2020-05-29,3636,19348,1.5
3633131,2020-06-01,3636,19348,0.5
3633132,2020-06-02,3636,19348,2.5
3633133,2020-06-04,3636,15357,0.25
3633134,2020-06-04,3636,19348,4
3633135,2020-06-05,3636,25784,1
3633136,2020-06-05,3636,19348,1
3633137,2020-06-05,3636,15357,0.5
3633138,2020-06-05,3636,19348,5
3634207,2020-06-10,5727,18201,7.5
3634212,2020-06-08,5722,18201,7.5
3634213,2020-06-09,5722,18201,7.5
3634214,2020-06-10,5722,18201,7.5
3634215,2020-06-08,3631,21537,7.5
3634216,2020-06-09,3631,21537,7.5
3634217,2020-06-10,3631,21537,7.5
3634226,2020-06-09,5689,15362,8.5
3634227,2020-06-10,5689,15362,1
3634228,2020-06-10,5689,21537,2
3634300,2020-06-10,5689,15362,6.5
3634351,2020-06-11,5727,18201,7.5
3634395,2020-06-11,5689,21537,5
3634397,2020-06-11,5689,15362,2
3634413,2020-06-12,5727,18201,7.5
3634420,2020-06-11,3631,21537,7.5
3634421,2020-06-12,3631,21537,7.5
3634422,2020-06-11,5722,18201,7.5
3634423,2020-06-12,5722,18201,7.5
3634530,2020-06-08,3636,15357,3
3634532,2020-06-08,3636,19348,3
3634533,2020-06-08,3636,15357,1.5
3634535,2020-06-09,3636,25780,1
3634536,2020-06-10,3636,25742,1
3634537,2020-06-10,3636,19348,1
3634538,2020-06-11,3636,15357,0.5
3634539,2020-06-11,3636,15357,0.25
3634540,2020-06-11,3636,15357,0.25
3634541,2020-06-11,3636,15357,1
3634543,2020-06-11,3636,26849,1
3634545,2020-06-11,3636,26836,2
3634549,2020-06-12,3636,19348,4
3634554,2020-06-10,3636,26829,2
3634569,2020-06-10,3636,26849,1
3634570,2020-06-10,3636,19348,0.25
3634571,2020-06-10,3636,19348,0.25
3634572,2020-06-09,3636,15357,2
3634573,2020-06-09,3636,19348,4.5
3634574,2020-06-10,3636,19348,2
3634575,2020-06-11,3636,19348,2.5
3634576,2020-06-12,3636,19348,3.5
3634635,2020-06-15,5727,18201,7.5
3634734,2020-06-12,5689,15362,7.5
3634745,2020-06-11,5689,15362,1.25
3634749,2020-07-02,5689,15362,7.5
3634750,2020-07-03,5689,15362,7.5
3634751,2020-07-13,5689,15362,7.5
3634835,2020-06-16,5727,18201,7.5
3634882,2020-06-17,5727,18201,7.5
3634979,2020-06-08,3535,20448,7.5
3634981,2020-06-09,3535,20448,7.5
3634982,2020-06-10,3535,20448,7.5
3634983,2020-06-11,3535,20448,7.5
3634984,2020-06-12,3535,20448,7.5
3635014,2020-06-17,3636,15357,1.25
3635018,2020-06-17,3636,15357,0.25
3635019,2020-06-17,3636,25784,3
3635020,2020-06-15,3636,19348,7.5
3635035,2020-06-19,5727,18201,7.5
3635038,2020-06-18,5727,18201,7.5
3635040,2020-06-15,5689,21537,5
3635041,2020-06-15,5689,15362,3
3635042,2020-06-16,5689,15362,5
3635043,2020-06-16,5689,21537,3
3635044,2020-06-18,5689,21537,2
3635046,2020-06-17,5689,21537,4.5
3644359,2020-08-05,3636,15452,1
3644360,2020-08-05,3636,15452,1
3644615,2020-08-06,5727,18201,7.5
3644643,2020-08-06,3636,26896,1
3621848,2020-04-16,5727,18201,7.5
3621849,2020-04-17,5727,18201,7.5
3622184,2020-04-20,3636,25748,2
3622227,2020-04-20,5727,18201,7.5
3622228,2020-04-21,5727,18201,7.5
3622299,2020-04-22,5727,18201,7.5
3622308,2020-04-20,5689,21537,7.5
3622309,2020-04-17,5689,21537,7.5
3622310,2020-04-21,5689,15362,5
3622311,2020-04-21,5689,21537,2.5
3622312,2020-04-22,5689,21537,7.5
3622325,2020-04-13,3631,21537,7.5
3622326,2020-04-14,3631,21537,7.5
3622327,2020-04-15,3631,21537,7.5
3622328,2020-04-16,3631,21537,7.5
3622329,2020-04-17,3631,21537,7.5
3622330,2020-04-20,3631,21537,7.5
3622331,2020-04-21,3631,21537,7.5
3622332,2020-04-22,3631,21537,7.5
3622333,2020-04-23,3631,21537,7.5
3622334,2020-04-24,3631,21537,7.5
3622335,2020-04-13,5722,18201,7.5
3622336,2020-04-14,5722,18201,7.5
3622337,2020-04-15,5722,18201,7.5
3622338,2020-04-16,5722,18201,7.5
3622339,2020-04-17,5722,18201,7.5
3622340,2020-04-20,5722,18201,7.5
3622341,2020-04-21,5722,18201,7.5
3622342,2020-04-22,5722,18201,7.5
3622343,2020-04-23,5722,18201,7.5
3622344,2020-04-24,5722,18201,7.5
3622391,2020-04-23,5727,18201,7.5
3622537,2020-04-24,5727,18201,7.5
3622609,2020-04-23,5689,21537,7.5
3622610,2020-04-24,5689,15362,3
3622611,2020-04-24,5689,26856,2
3622614,2020-04-24,5689,21537,2.5
3631316,2020-06-02,5727,18201,7.5
3631356,2020-06-02,3636,25742,0.5
3631362,2020-06-02,3636,19348,1
3631363,2020-06-02,3636,15357,1
3631364,2020-06-02,3636,19348,0.5
3631367,2020-06-02,3636,26895,2
3631693,2020-06-01,5689,21537,2.5
3631694,2020-06-02,5689,15362,7.5
3631695,2020-06-03,5689,21537,6.5
3631696,2020-06-03,5689,26856,1
3631713,2020-06-03,5727,18201,7.5
3631717,2020-06-01,5722,18201,7.5
3631718,2020-06-02,5722,18201,7.5
3631719,2020-06-03,5722,18201,7.5
3631720,2020-06-04,5722,18201,7.5
3631721,2020-06-05,5722,18201,7.5
3631722,2020-06-01,3631,21537,7.5
3631723,2020-06-02,3631,21537,7.5
3631724,2020-06-03,3631,21537,7.5
3631725,2020-06-04,3631,21537,7.5
3631726,2020-06-05,3631,21537,7.5
3631728,2020-06-03,3636,19348,1
3631729,2020-06-03,3636,19348,2
3631730,2020-06-03,3636,19348,0.5
3631731,2020-06-03,3636,15357,1
3631732,2020-06-03,3636,19348,1
3631733,2020-06-03,3636,15357,1
3631734,2020-06-03,3636,25767,2.5
3631735,2020-05-29,3636,19348,1
3631777,2020-06-04,3636,25767,0.25
3631869,2020-06-04,5727,18201,7.5
3631871,2020-06-04,3636,15357,3
3631872,2020-05-29,3636,26882,3
3631891,2020-05-25,3636,26882,2
3640148,2020-07-16,5727,18201,7.5
3640149,2020-07-17,5727,18201,7.5
3640221,2020-07-06,3636,19348,4.5
3640308,2020-07-17,3636,19348,3.5
3640309,2020-07-17,3636,26895,1.5
3640310,2020-07-17,3636,19348,1.5
3640311,2020-07-17,3636,15357,1
3640462,2020-08-03,3535,20448,7.5
3640480,2020-08-03,5722,18201,7.5
3640486,2020-08-03,5727,18201,7.5
3640488,2020-08-03,3636,19348,7.5
3640495,2020-08-03,3631,21537,7.5
3640518,2020-08-03,5689,15362,7.5
3640530,2020-07-13,3631,21537,7.5
3640531,2020-07-14,3631,21537,7.5
3640532,2020-07-15,3631,21537,7.5
3640533,2020-07-16,3631,21537,7.5
3640534,2020-07-17,3631,21537,7.5
3640536,2020-07-13,5722,18201,7.5
3640537,2020-07-14,5722,18201,7.5
3640538,2020-07-15,5722,18201,7.5
3640539,2020-07-16,5722,18201,7.5
3640540,2020-07-17,5722,18201,7.5
3640565,2020-07-20,3535,26907,2
3640568,2020-07-06,3535,20448,7.5
3640569,2020-07-07,3535,20448,7.5
3640570,2020-07-08,3535,20448,7.5
3640571,2020-07-09,3535,20448,7.5
3640572,2020-07-10,3535,20448,7.5
3640573,2020-07-13,3535,20448,7.5
3640574,2020-07-14,3535,20448,7.5
3640575,2020-07-15,3535,20448,7.5
3640576,2020-07-16,3535,20448,7.5
3640577,2020-07-17,3535,20448,7.5
3640671,2020-07-20,5727,18201,7.5
3640688,2020-07-20,3636,25809,1
3640689,2020-07-20,3636,26903,0.5
3640690,2020-07-20,3636,15357,1
3640692,2020-07-06,3636,25784,0.75
3640693,2020-07-07,3636,26827,0.5
3640694,2020-07-07,3636,26849,0.5
3640695,2020-07-07,3636,26848,1
3640696,2020-07-07,3636,26847,0.5
3640697,2020-07-07,3636,26846,0.5
3640698,2020-07-09,3636,26835,1
3640699,2020-07-09,3636,19348,0.5
3640700,2020-07-07,3636,19348,0.5
3640701,2020-07-09,3636,25767,0.5
3640702,2020-07-09,3636,19348,0.25
3640703,2020-07-09,3636,25701,2
3640704,2020-07-09,3636,25747,1
3640705,2020-07-09,3636,19348,0.5
3640706,2020-07-09,3636,26895,0.75
3640707,2020-07-07,3636,19348,1
3640708,2020-07-06,3636,19348,1.25
3640709,2020-07-06,3636,19348,0.5
3640710,2020-07-06,3636,25805,0.5
3640711,2020-07-09,3636,26836,1
3640713,2020-07-20,3636,25733,0.25
3640715,2020-07-08,3636,19348,7.5
3640716,2020-07-13,3636,19348,7.5
3640717,2020-07-14,3636,19348,7.5
3640718,2020-07-15,3636,19348,7.5
3640719,2020-07-16,3636,19348,7.5
3640777,2020-07-20,3636,25767,2
3641065,2020-07-21,3636,19348,1.5
3641068,2020-07-21,3636,26835,2
3641069,2020-07-21,3636,18287,1
3641073,2020-07-20,3636,26849,0.75
3641076,2020-07-20,3636,15452,1
3641120,2020-07-21,5727,18201,7.5
3649645,2020-09-01,3636,15452,3.5
3649648,2020-09-01,3636,19348,2
3649650,2020-09-01,3636,15357,0.25
3619802,2020-04-08,5727,18201,7.5
3619803,2020-04-09,5727,18201,7.5
3619991,2020-04-13,5727,18201,7.5
3620252,2020-04-14,5727,18201,7.5
3620379,2020-04-09,3636,25701,1
3620380,2020-04-01,3636,26830,1
3620381,2020-04-06,3636,19348,3
3620382,2020-04-07,3636,19348,2
3620383,2020-04-08,3636,25748,1.5
3620384,2020-04-08,3636,25805,1
3620385,2020-04-06,3636,18287,1.5
3620386,2020-04-07,3636,18285,1
3620387,2020-04-09,3636,15357,1.5
3620388,2020-04-13,3636,19348,1
3620389,2020-04-07,3636,19348,1
3620390,2020-04-07,3636,19348,1
3620392,2020-04-03,3636,15357,1.5
3620394,2020-04-06,3636,26865,1.5
3620395,2020-04-06,3636,26855,1.5
3620396,2020-04-02,3636,19348,2.5
3620397,2020-04-02,3636,26827,1
3620398,2020-04-01,3636,25780,2
3620399,2020-04-01,3636,19348,0.5
3620400,2020-04-03,3636,19348,1
3620401,2020-04-03,3636,15357,1
3620403,2020-04-01,3636,19348,3.5
3620408,2020-04-02,3636,25774,1
3620409,2020-04-02,3636,19348,3
3620410,2020-04-01,3636,15357,0.5
3620411,2020-04-08,3636,15357,0.5
3620412,2020-04-07,3636,19348,0.5
3620413,2020-04-03,3636,19348,4
3620414,2020-04-07,3636,19348,2
3620415,2020-04-08,3636,19348,4.5
3620416,2020-04-09,3636,19348,5
3620457,2020-04-15,5727,18201,7.5
3620492,2020-04-13,3636,26830,3
3621749,2020-04-13,5689,21537,7.5
3621750,2020-04-14,5689,21537,7.5
3621751,2020-04-15,5689,21537,7.5
3621753,2020-04-16,5689,15362,7.5
3630275,2020-05-27,5689,15362,7.5
3630276,2020-05-28,5689,15362,5.5
3630278,2020-05-28,5689,26856,2
3630281,2020-05-28,5727,18201,7.5
3630388,2020-05-29,5727,18201,4.5
3630453,2020-05-28,3636,25747,2.5
3630462,2020-05-27,3636,19348,3
3630464,2020-05-25,3636,15357,0.5
3630469,2020-05-25,3636,19348,0.25
3630471,2020-05-29,3636,18287,1
3630475,2020-05-27,3636,25701,2
3630476,2020-05-27,3636,25805,0.5
3630477,2020-05-27,3636,25780,2
3630480,2020-05-28,3636,19348,0.5
3630482,2020-05-26,3636,25733,2
3630486,2020-05-26,3636,15357,0.5
3630736,2020-05-29,5689,21537,7.5
3630739,2020-06-01,5689,15362,5
3630741,2020-06-01,5727,18201,7.5
3630816,2020-05-29,5727,18201,3
3630852,2020-05-29,3636,25767,1
3630947,2020-06-01,3636,19348,3.25
3630948,2020-06-01,3636,18287,0.25
3630949,2020-06-01,3636,15357,1
3630950,2020-06-01,3636,19348,2.5
3639343,2020-07-08,5727,18201,7.5
3639554,2020-07-06,5689,15362,7.5
3639555,2020-07-07,5689,15362,7
3639556,2020-07-07,5689,21537,1
3639557,2020-07-08,5689,15362,5
3639558,2020-07-08,5689,21537,2.5
3639560,2020-07-09,5689,15362,7.5
3639561,2020-07-10,5689,15362,7.5
3639564,2020-07-09,5727,18201,7.5
3639634,2020-07-10,5727,18201,7.5
3639785,2020-07-13,5727,18201,7.5
3639911,2020-07-14,5727,18201,7.5
3639977,2020-07-15,5727,18201,7.5
3648306,2020-08-28,3636,26846,1
3648308,2020-08-28,3636,26847,1
3648309,2020-08-28,3636,26848,1
3648311,2020-08-28,3636,26849,1
3648312,2020-08-28,3636,25767,0.5
3648315,2020-08-28,3636,26912,0.5
3648316,2020-08-28,3636,26922,1
3648317,2020-08-28,3636,26923,1
3648321,2020-08-27,3636,25742,1
3648334,2020-08-28,3636,25742,0.25
3648335,2020-08-27,3636,15452,0.75
3648336,2020-08-27,3636,15452,1
3648337,2020-08-27,3636,15452,0.5
3648338,2020-08-27,3636,26921,0.25
3648344,2020-08-26,3636,19348,2
3648345,2020-08-26,3636,19348,2.5
3648346,2020-08-26,3636,15452,1
3648347,2020-08-26,3636,26921,0.25
3648348,2020-08-26,3636,15357,0.25
3648349,2020-08-24,3636,26896,0.5
3648350,2020-08-26,3636,19348,1
3648351,2020-08-25,3636,15452,0.5
3648354,2020-08-25,3636,25709,1
3648356,2020-08-25,3636,15452,2
3648683,2020-08-24,5689,21537,7.5
3648684,2020-08-25,5689,15362,7.5
3648685,2020-08-26,5689,15362,7.5
3648686,2020-08-27,5689,21537,7.5
3648687,2020-08-28,5689,15362,7.5
3648688,2020-08-31,5689,15362,7.5
3648692,2020-08-24,3631,21537,7.5
3648693,2020-08-25,3631,21537,7.5
3648694,2020-08-26,3631,21537,7.5
3648695,2020-08-27,3631,21537,7.5
3648696,2020-08-28,3631,21537,7.5
3648759,2020-08-31,5727,18201,7.5
3648760,2020-08-24,5722,18201,3.75
3648775,2020-08-17,3535,20448,7.5
3648776,2020-08-18,3535,25767,7.5
3648777,2020-08-19,3535,20448,7.5
3648779,2020-08-20,3535,20448,7.5
3648780,2020-08-21,3535,26907,1.5
3648782,2020-08-24,3535,20448,7.5
3648783,2020-08-25,3535,20448,7.5
3648785,2020-08-26,3535,20448,7.5
3648786,2020-08-27,3535,20448,7.5
3648787,2020-08-28,3535,20448,7.5
3648828,2020-08-17,3636,15357,0.5
3648829,2020-08-17,3636,26921,1
3648830,2020-08-17,3636,15452,1.5
3648831,2020-08-17,3636,25717,1
3648832,2020-08-17,3636,19348,1
3648833,2020-08-18,3636,25717,0.5
3648834,2020-08-18,3636,26896,1
3648835,2020-08-18,3636,25809,0.25
3648836,2020-08-18,3636,15357,0.5
3648837,2020-08-18,3636,19348,0.25
3648838,2020-08-19,3636,15452,1
3648839,2020-08-19,3636,19348,1
3648840,2020-08-19,3636,26836,0.5
3648842,2020-08-19,3636,19348,0.5
3648843,2020-08-19,3636,19348,0.25
3648845,2020-08-19,3636,15452,0.5
3648846,2020-08-20,3636,15357,0.5
3648847,2020-08-20,3636,26921,1
3648848,2020-08-20,3636,19348,0.25
3617508,2020-04-01,5689,15362,5
3626025,2020-05-11,5727,18201,7.5
3626067,2020-04-29,3631,21537,7.5
3626068,2020-04-30,3631,21537,7.5
3626069,2020-05-01,3631,21537,7.5
3626070,2020-05-04,3631,21537,7.5
3626071,2020-05-05,3631,21537,7.5
3626072,2020-05-06,3631,21537,7.5
3626073,2020-05-07,3631,21537,7.5
3626074,2020-05-08,3631,21537,7.5
3626075,2020-04-29,5722,18201,7.5
3626076,2020-04-30,5722,18201,7.5
3626077,2020-05-01,5722,18201,7.5
3626078,2020-05-04,5722,18201,7.5
3626079,2020-05-05,5722,18201,7.5
3626080,2020-05-06,5722,18201,7.5
3626081,2020-05-07,5722,18201,7.5
3626082,2020-05-08,5722,18201,7.5
3626169,2020-05-08,5689,15362,3
3626170,2020-05-08,5689,21537,4.5
3626172,2020-04-27,3535,20448,7.5
3626173,2020-04-28,3535,20448,7.5
3626174,2020-04-29,3535,20448,7.5
3626175,2020-04-30,3535,20448,7.5
3626176,2020-05-01,3535,20448,7.5
3626177,2020-05-05,3535,20448,7.5
3626178,2020-05-06,3535,20448,7.5
3626179,2020-05-07,3535,20448,7.5
3626180,2020-05-08,3535,20448,7.5
3626288,2020-05-12,5727,18201,7.5
3626402,2020-05-07,3636,19348,5.5
3626403,2020-05-08,3636,19348,3
3626404,2020-05-07,3636,19348,1.5
3626406,2020-05-07,3636,19348,0.5
3626409,2020-05-11,3636,19348,3
3626414,2020-05-11,3636,19348,1.5
3626415,2020-05-12,3636,19348,2
3626416,2020-04-27,3636,18285,1.5
3626417,2020-04-27,3636,25709,2
3626418,2020-04-27,3636,19348,3.25
3626420,2020-04-28,3636,26835,1
3626422,2020-05-06,3636,15357,1.5
3626425,2020-04-29,3636,25784,2
3626428,2020-04-30,3636,15357,1
3626433,2020-04-28,3636,19348,6.5
3626434,2020-04-29,3636,19348,5
3626436,2020-04-30,3636,19348,6.5
3626437,2020-05-01,3636,19348,7.5
3626440,2020-05-04,3636,19348,5
3626441,2020-05-05,3636,19348,7.5
3626442,2020-05-06,3636,19348,6
3626443,2020-05-08,3636,19348,4.5
3626444,2020-05-12,3636,26829,1
3626445,2020-05-12,3636,26849,0.5
3626446,2020-05-12,3636,19348,0.5
3626447,2020-05-12,3636,19348,3
3626448,2020-05-04,3636,26882,2.5
3626449,2020-04-27,3636,25805,0.75
3627538,2020-04-29,3636,15357,0.5
3627622,2020-05-15,3631,21537,7.5
3627625,2020-05-13,3636,15357,1
3627729,2020-05-01,5689,15362,7.5
3627859,2020-05-13,5727,18201,7.5
3636277,2020-06-18,3636,25784,1
3636278,2020-06-19,3636,25767,0.5
3636279,2020-06-19,3636,15357,2
3636280,2020-06-18,3636,25742,0.5
3636281,2020-06-16,3636,15357,0.5
3636282,2020-06-16,3636,26829,0.5
3636283,2020-06-16,3636,19348,6.5
3636284,2020-06-17,3636,19348,3
3636285,2020-06-18,3636,19348,6
3636286,2020-06-19,3636,19348,5
3636529,2020-06-24,5727,18201,7.5
3636546,2020-06-22,5689,15362,5
3636547,2020-06-22,5689,21537,2.5
3636548,2020-06-23,5689,15362,5.5
3636549,2020-06-23,5689,21537,3.5
3636551,2020-06-24,5689,21537,4
3636552,2020-06-24,5689,15362,4.5
3636681,2020-06-22,3631,26865,7.5
3636682,2020-06-24,3631,21537,7.5
3636683,2020-06-23,3631,26865,4.5
3636684,2020-06-25,3631,21537,7.5
3636685,2020-06-22,5722,18201,7.5
3636686,2020-06-23,5722,18201,7.5
3636687,2020-06-24,5722,18201,7.5
3636688,2020-06-25,5722,18201,7.5
3636689,2020-06-26,5722,18201,7.5
3636701,2020-06-25,5727,18201,7.5
3636707,2020-06-25,3636,19348,2
3636830,2020-06-26,5727,18201,7.5
3637048,2020-06-29,5727,18201,7.5
3643386,2020-07-20,5689,15362,7.5
3643387,2020-07-21,5689,15362,7.5
3643388,2020-07-22,5689,21537,7.5
3643389,2020-07-23,5689,21537,7.5
3643390,2020-07-24,5689,21537,7.5
3643391,2020-07-27,5689,15362,7.5
3643393,2020-07-28,5689,15362,7.5
3643394,2020-07-29,5689,21537,7.5
3643395,2020-07-30,5689,21537,6
3643417,2020-08-04,5727,18201,7.5
3643486,2020-07-24,3535,20448,7.5
3643487,2020-07-27,3535,20448,7.5
3643488,2020-07-28,3535,20448,7.5
3643489,2020-07-29,3535,20448,7.5
3643490,2020-07-30,3535,20448,7.5
3643491,2020-07-31,3535,20448,7.5
3643548,2020-07-20,3535,20448,5.5
3644054,2020-07-20,3636,19348,0.5
3644055,2020-07-20,3636,25767,0.25
3644056,2020-07-20,3636,25809,0.25
3644057,2020-07-21,3636,15452,2
3644058,2020-07-21,3636,19348,0.5
3644059,2020-07-23,3636,15452,2
3644060,2020-07-23,3636,15452,0.5
3644061,2020-07-24,3636,25748,0.5
3644062,2020-07-24,3636,25767,0.5
3644063,2020-07-24,3636,18287,0.5
3644064,2020-07-28,3636,26895,0.5
3644066,2020-07-28,3636,15452,1
3644069,2020-07-27,3636,26842,2
3644071,2020-08-05,5727,18201,7.5
3644072,2020-07-28,3636,19348,2
3644074,2020-07-30,3636,15357,1
3644076,2020-07-30,3636,25809,1
3644079,2020-07-30,3636,18287,1.5
3644080,2020-07-30,3636,19348,3.5
3644085,2020-07-30,3636,15452,0.5
3644090,2020-07-27,3636,26835,0.5
3644091,2020-07-23,3636,19348,1
3644092,2020-07-23,3636,18287,0.5
3644094,2020-07-23,3636,19348,3.5
3644095,2020-07-24,3636,19348,6
3644096,2020-07-27,3636,19348,3
3653408,2020-09-21,5689,21537,7.5
3653472,2020-09-22,5727,18201,7.5
3653577,2020-09-23,5727,18201,7.5
3653604,2020-09-24,3636,19348,4
3653664,2020-09-24,5727,18201,7.5
3653748,2020-09-14,3631,26821,5.5
3653749,2020-09-21,3631,25782,7.5
3653750,2020-09-22,3631,26818,7.5
3653751,2020-09-23,3631,21537,7.5
3638810,2020-06-22,3636,19348,1.5
3638811,2020-06-23,3636,19348,2
3638814,2020-06-23,3636,19348,3.5
3638815,2020-06-24,3636,19348,2.5
3638816,2020-06-26,3636,19348,4.5
3638817,2020-06-29,3636,19348,5.5
3638818,2020-06-30,3636,19348,6
3638819,2020-07-02,3636,19348,5.5
3638820,2020-07-03,3636,19348,5.5
3638881,2020-06-30,5689,15362,1
3638936,2020-07-07,5727,18201,7.5
3638967,2020-07-07,3636,19348,3
3639010,2020-06-29,5722,18201,7.5
3639011,2020-06-30,5722,18201,7.5
3639012,2020-07-02,5722,18201,7.5
3639013,2020-07-03,5722,18201,7.5
3639014,2020-07-06,3631,21537,7.5
3639015,2020-07-07,3631,21537,7.5
3639016,2020-07-08,3631,21537,7.5
3639017,2020-07-09,3631,21537,7.5
3639018,2020-07-10,3631,21537,7.5
3639019,2020-07-06,5722,18201,7.5
3639020,2020-07-07,5722,18201,7.5
3639021,2020-07-08,5722,18201,7.5
3639022,2020-07-09,5722,18201,7.5
3639023,2020-07-10,5722,18201,7.5
3647458,2020-08-20,5727,18201,7.5
3647590,2020-08-20,5689,21537,7.5
3647591,2020-08-21,5689,15362,7.5
3647612,2020-08-21,5727,18201,7.5
3647810,2020-08-17,5722,18201,7.5
3647811,2020-08-18,5722,18201,7.5
3647812,2020-08-19,5722,18201,7.5
3647813,2020-08-20,5722,18201,7.5
3647814,2020-08-21,5722,18201,7.5
3647818,2020-08-24,5727,18201,7.5
3647828,2020-08-24,5722,18201,3.75
3647829,2020-08-25,5722,18201,7.5
3647830,2020-08-26,5722,18201,7.5
3647831,2020-08-27,5722,18201,7.5
3647832,2020-08-28,5722,18201,7.5
3647846,2020-09-07,3535,20448,7.5
3647863,2020-09-07,5722,18201,7.5
3647868,2020-09-07,5727,18201,7.5
3647870,2020-09-07,3636,19348,7.5
3647877,2020-09-07,3631,21537,7.5
3647900,2020-09-07,5689,15362,7.5
3647965,2020-08-25,3636,26921,1
3647986,2020-08-25,5727,18201,7.5
3648003,2020-08-26,5727,18201,7.5
3648206,2020-08-27,5727,18201,7.5
3648207,2020-08-28,5727,18201,7.5
3656198,2020-10-02,5727,18201,7.5
3656250,2020-09-29,3631,21537,1
3656251,2020-10-01,3631,21537,1
3656466,2020-10-12,3535,20448,7.5
3656484,2020-10-12,5722,18201,7.5
3656489,2020-10-12,5727,18201,7.5
3656491,2020-10-12,3636,19348,7.5
3656500,2020-10-12,3631,21537,7.5
3656524,2020-10-12,5689,15362,7.5
3656549,2020-09-28,3636,15452,1.5
3656550,2020-09-28,3636,26942,1
3656551,2020-09-28,3636,26886,0.5
3656552,2020-09-28,3636,19348,0.5
3656553,2020-09-29,3636,26895,1
3656555,2020-09-29,3636,25780,0.75
3656556,2020-09-29,3636,26928,0.75
3656557,2020-09-29,3636,19348,1
3656558,2020-09-29,3636,15452,1
3656559,2020-09-29,3636,26922,1
3656560,2020-09-29,3636,18285,0.25
3656561,2020-10-01,3636,26927,0.5
3656562,2020-10-01,3636,26937,1
3656563,2020-10-01,3636,15452,0.5
3656564,2020-10-01,3636,15357,0.5
3656565,2020-09-30,3636,15452,2
3656566,2020-10-01,3636,15452,1
3656567,2020-10-01,3636,25780,1
3656568,2020-10-01,3636,15452,1
3656569,2020-10-02,3636,15452,0.5
3656570,2020-10-02,3636,19348,1
3656571,2020-10-02,3636,15452,3.5
3656572,2020-10-02,3636,26896,1.25
3656574,2020-10-02,3636,19348,0.5
3656575,2020-10-02,3636,15452,0.75
3656576,2020-10-01,3636,15452,0.5
3656577,2020-09-30,3636,26927,1
3656578,2020-09-30,3636,15452,1
3656579,2020-09-29,3636,25748,1.5
3656580,2020-09-29,3636,19348,0.25
3656581,2020-09-28,3636,18285,1
3656582,2020-09-28,3636,15357,1
3656583,2020-10-01,3636,19348,1.5
3656624,2020-10-05,5727,18201,7.5
3656625,2020-10-06,5727,18201,7.5
3656732,2020-10-05,5722,18201,7.5
3656733,2020-10-06,5722,18201,7.5
3656734,2020-10-07,5722,18201,7.5
3656735,2020-10-08,5722,18201,7.5
3656736,2020-10-09,5722,18201,7.5
3656737,2020-09-28,3631,21537,7.5
3656738,2020-09-29,3631,21537,6.5
3656739,2020-09-30,3631,21537,7.5
3656740,2020-10-01,3631,21537,6.5
3656741,2020-10-02,3631,21537,7.5
3656743,2020-10-06,3631,21537,7.5
3656744,2020-10-07,3631,21537,7.5
3656784,2020-10-07,5727,18201,7.5
3656797,2020-10-07,3636,15357,1
3656798,2020-10-07,3636,19348,1
3656799,2020-10-07,3636,15452,0.5
3656801,2020-10-07,3636,19348,1
3656803,2020-10-07,3636,26912,0.5
3656804,2020-10-07,3636,25774,0.5
3656805,2020-10-06,3636,26912,0.5
3656806,2020-10-06,3636,25774,0.5
3656846,2020-10-06,3636,15452,0.5
3656847,2020-10-06,3636,19348,2
3656848,2020-10-06,3636,15452,1
3656849,2020-10-06,3636,26855,0.5
3656850,2020-10-06,3636,26941,1
3656851,2020-10-06,3636,18287,0.5
3656852,2020-10-05,3636,19348,0.5
3656853,2020-10-05,3636,26926,1
3656854,2020-10-05,3636,15357,2
3656855,2020-10-05,3636,19348,2
3656856,2020-10-05,3636,15452,2
3656857,2020-10-06,3636,19348,1
3656858,2020-10-07,3636,15451,1
3656859,2020-10-07,3636,15452,1
3656860,2020-10-07,3636,19348,1
3656905,2020-10-08,5727,18201,7.5
3656989,2020-10-09,5727,18201,7.5
3662912,2020-11-10,5689,15362,7.5
3662974,2020-11-03,3636,19348,2.25
3662979,2020-11-09,3636,26967,1
3662980,2020-11-09,3636,26968,0.5
3662981,2020-11-09,3636,26971,0.5
3662983,2020-11-09,3636,26970,0.5
3662984,2020-11-09,3636,26969,0.5
3662987,2020-11-09,3636,15452,1
3662989,2020-11-10,3636,26952,1
3662991,2020-11-10,3636,26896,0.25
3662992,2020-11-10,3636,15452,0.75
3644644,2020-08-05,3636,15452,2
3644652,2020-08-06,3636,15452,1
3644653,2020-08-06,3636,19348,1
3644700,2020-08-07,5727,18201,7.5
3644844,2020-08-04,5689,15362,7.5
3644845,2020-08-05,5689,21537,7.5
3644846,2020-08-06,5689,15362,7.5
3644847,2020-08-07,5689,21537,7.5
3644849,2020-08-10,5727,18201,7.5
3644901,2020-08-10,3636,15452,2.5
3644902,2020-08-06,3636,19348,1
3644903,2020-08-07,3636,26896,4
3644928,2020-08-10,3636,15357,2
3644929,2020-08-10,3636,19348,1.5
3644930,2020-08-10,3636,19348,0.25
3644934,2020-08-10,3636,19348,0.75
3644937,2020-08-10,3636,15452,1
3644978,2020-08-04,3631,21537,7.5
3644979,2020-08-05,3631,21537,7.5
3644980,2020-08-06,3631,21537,7.5
3644981,2020-08-07,3631,21537,7.5
3644982,2020-08-10,3631,21537,7.5
3644983,2020-08-11,3631,21537,7.5
3644984,2020-08-12,3631,21537,7.5
3644985,2020-08-13,3631,21537,7.5
3644986,2020-08-14,3631,21537,7.5
3644987,2020-08-10,5722,18201,7.5
3644988,2020-08-11,5722,18201,7.5
3644989,2020-08-12,5722,18201,7.5
3644990,2020-08-13,5722,18201,7.5
3644991,2020-08-14,5722,18201,7.5
3645020,2020-08-11,5727,18201,7.5
3645036,2020-08-11,3636,15451,2
3645037,2020-08-11,3636,15452,5.5
3645038,2020-08-11,3636,19348,0.25
3645043,2020-08-11,3636,15451,0.5
3646057,2020-08-12,3636,15357,1
3646058,2020-08-12,3636,18287,0.5
3646059,2020-08-12,3636,15451,0.5
3646060,2020-08-12,3636,15452,1
3646069,2020-08-12,5727,18201,7.5
3646084,2020-08-04,3535,20448,7.5
3646085,2020-08-05,3535,20448,7.5
3646086,2020-08-06,3535,20448,7.5
3646087,2020-08-07,3535,20448,7.5
3646088,2020-08-10,3535,20448,7.5
3646089,2020-08-11,3535,20448,7.5
3646090,2020-08-12,3535,20448,7.5
3646091,2020-08-13,3535,20448,7.5
3646092,2020-08-14,3535,20448,7.5
3646093,2020-08-12,3636,19348,2
3646118,2020-08-12,3636,15452,2.5
3646119,2020-08-12,3636,15452,1
3646130,2020-08-10,5689,15362,7.5
3646131,2020-08-11,5689,21537,7.5
3646132,2020-08-12,5689,15362,7.5
3646133,2020-08-14,5689,21537,7.5
3646134,2020-08-13,5689,15362,7.5
3654749,2020-09-29,5727,18201,7.5
3654756,2020-09-18,5689,15362,3.5
3654810,2020-09-23,3636,15452,6
3654811,2020-09-24,3636,15452,5
3654812,2020-09-22,3636,15452,0.5
3654813,2020-09-23,3636,15452,0.5
3654814,2020-09-24,3636,15452,1
3654815,2020-09-14,3636,15452,1
3654816,2020-09-14,3636,26927,1
3654817,2020-09-14,3636,26928,0.5
3654818,2020-09-25,3636,15452,1.5
3654820,2020-09-14,3636,15357,0.5
3654821,2020-09-14,3636,19348,2
3654822,2020-09-14,3636,26896,0.5
3654823,2020-09-14,3636,19348,2
3654824,2020-09-14,3636,15452,0.25
3654826,2020-09-15,3636,15452,0.5
3654827,2020-09-21,3636,15451,2
3654828,2020-09-16,3636,26927,0.25
3654829,2020-09-16,3636,26928,0.25
3654830,2020-09-16,3636,15452,0.75
3654831,2020-09-16,3636,18287,0.25
3654833,2020-09-18,3636,26930,2
3654835,2020-09-18,3636,15452,6
3654837,2020-09-21,3636,26903,0.5
3654839,2020-09-21,3636,15452,1
3654840,2020-09-21,3636,15357,0.5
3654841,2020-09-21,3636,26903,0.25
3654843,2020-09-21,3636,26942,1.5
3654846,2020-09-22,3636,15452,0.5
3654847,2020-09-22,3636,15451,0.5
3654848,2020-09-22,3636,26928,0.5
3654849,2020-09-22,3636,19348,1
3654850,2020-09-22,3636,15357,0.5
3654851,2020-09-22,3636,26942,0.5
3654852,2020-09-22,3636,15452,1.5
3654853,2020-09-23,3636,15452,0.5
3654854,2020-09-23,3636,15452,1
3654863,2020-09-24,3636,15452,0.5
3654867,2020-09-24,3636,26893,0.5
3654869,2020-09-25,3636,15452,2
3654871,2020-09-25,3636,26928,0.5
3654872,2020-09-25,3636,15452,0.5
3654875,2020-09-25,3636,15452,0.25
3654877,2020-09-17,3636,15452,5
3654879,2020-09-25,3636,19348,0.5
3654880,2020-09-25,3636,19348,0.5
3654882,2020-09-25,3636,15452,0.5
3654884,2020-09-25,3636,26922,0.5
3654885,2020-09-25,3636,26919,0.75
3654908,2020-09-21,3636,26854,0.25
3654911,2020-09-21,3636,25780,0.5
3654916,2020-09-21,3636,26896,1
3654922,2020-09-16,3636,15451,0.5
3654924,2020-09-16,3636,15452,0.5
3654926,2020-09-16,3636,19348,2
3654929,2020-09-22,3636,19348,2
3654932,2020-09-17,3636,19348,2.5
3654948,2020-09-16,3636,19348,1.5
3654951,2020-09-16,3636,15452,1.5
3654959,2020-09-23,3636,19348,0.5
3655285,2020-09-30,5727,18201,7.5
3655329,2020-09-28,5722,18201,7.5
3655332,2020-09-29,5722,18201,7.5
3655334,2020-09-30,5722,18201,7.5
3663922,2020-11-16,5689,21537,7.5
3663953,2020-11-17,5727,18201,7.5
3663993,2020-11-16,3636,15452,4
3663994,2020-11-16,3636,18285,3
3663995,2020-11-17,3636,15452,0.75
3663996,2020-11-17,3636,15452,0.5
3663997,2020-11-17,3636,15452,1
3663998,2020-11-16,5722,18201,7.5
3663999,2020-11-17,5722,18201,7.5
3664000,2020-11-17,3631,21537,7.5
3664001,2020-11-16,3631,21537,7.5
3664002,2020-11-17,3636,26948,0.5
3664126,2020-11-18,5727,18201,7.5
3664151,2020-11-17,3636,15452,4.5
3664153,2020-11-17,3636,19348,0.5
3664154,2020-11-18,3636,15452,7
3664206,2020-11-18,5722,18201,7.5
3664207,2020-11-18,3631,21537,7.5
3664228,2020-11-19,5727,18201,7.5
3664298,2020-11-20,5727,18201,7.5
3664417,2020-11-18,3636,15357,0.5
3664418,2020-11-19,3636,15452,1
3624168,2020-04-28,5689,21537,3
3624199,2020-04-28,5689,26856,1.5
3624208,2020-04-29,5689,21537,7.5
3624756,2020-04-29,5727,18201,7.5
3624757,2020-04-30,5727,18201,7.5
3624758,2020-05-01,5727,18201,7.5
3632079,2020-06-05,5727,18201,7.5
3632264,2020-05-25,3535,20448,7.5
3632266,2020-05-26,3535,25767,7.5
3632267,2020-05-27,3535,20448,7.5
3632268,2020-05-28,3535,20448,7.5
3632269,2020-05-29,3535,20448,7.5
3632270,2020-06-01,3535,20448,7.5
3632271,2020-06-02,3535,20448,7.5
3632272,2020-06-03,3535,20448,7.5
3632273,2020-06-04,3535,20448,7.5
3632274,2020-06-05,3535,20448,7.5
3632315,2020-06-08,5727,18201,7.5
3632404,2020-07-10,3636,19348,7.5
3632405,2020-07-31,3636,19348,7.5
3632544,2020-06-04,5689,15362,7.5
3632546,2020-06-05,5689,21537,7.5
3632601,2020-06-08,5689,15362,6
3632603,2020-06-08,5689,21537,2.5
3632753,2020-06-09,5727,18201,7.5
3641355,2020-07-21,3636,19348,0.5
3641478,2020-07-30,5689,15362,1.5
3641481,2020-07-31,5689,15362,7.5
3641574,2020-07-22,5727,18201,7.5
3641631,2020-07-22,3636,15357,0.5
3641636,2020-07-22,3636,26895,1
3641638,2020-07-22,3636,15452,0.5
3641639,2020-07-22,3636,15452,1
3641640,2020-07-22,3636,19348,1
3641647,2020-07-22,3636,19348,3.5
3641702,2020-07-23,5727,18201,7.5
3641703,2020-07-27,5727,18201,7.5
3641704,2020-08-17,3631,21537,7.5
3641705,2020-08-18,3631,21537,7.5
3641706,2020-08-19,3631,21537,7.5
3641707,2020-08-20,3631,21537,7.5
3641708,2020-08-21,3631,21537,7.5
3641709,2020-07-31,5727,18201,7.5
3641815,2020-07-24,5727,18201,7.5
3642011,2020-07-27,5722,18201,7.5
3642012,2020-07-28,5722,18201,3.75
3642013,2020-07-29,5722,18201,7.5
3642014,2020-07-30,5722,18201,3.75
3642015,2020-07-31,5722,18201,7.5
3642016,2020-08-04,5722,18201,7.5
3642017,2020-08-05,5722,18201,7.5
3642018,2020-08-06,5722,18201,7.5
3642019,2020-08-07,5722,18201,7.5
3642037,2020-07-27,3636,15452,2
3642040,2020-07-20,3631,21537,7.5
3642041,2020-07-21,3631,21537,7.5
3642042,2020-07-22,3631,21537,7.5
3642043,2020-07-23,3631,21537,7.5
3642044,2020-07-24,3631,21537,7.5
3642045,2020-07-20,5722,18201,7.5
3642046,2020-07-21,5722,18201,7.5
3642047,2020-07-22,5722,18201,7.5
3642048,2020-07-23,5722,18201,7.5
3642049,2020-07-24,5722,18201,7.5
3642127,2020-07-28,5727,18201,7.5
3650336,2020-09-04,5689,21537,7.5
3650397,2020-09-03,3636,15452,4.25
3650398,2020-09-03,3636,15452,1
3650399,2020-09-03,3636,15451,1
3650400,2020-09-03,3636,25767,0.5
3650401,2020-09-03,3636,19348,0.5
3650402,2020-09-03,3636,19348,0.25
3650417,2020-09-04,5727,18201,7.5
3650504,2020-09-08,5689,15362,7.5
3650505,2020-09-04,3636,26896,0.25
3650506,2020-09-04,3636,15452,0.5
3650507,2020-09-04,3636,15452,1
3650508,2020-09-04,3636,19348,0.25
3650509,2020-09-04,3636,15451,0.5
3650516,2020-09-04,3636,19348,2.5
3650517,2020-09-04,3636,19348,2.5
3650661,2020-09-03,3535,20448,4
3651786,2020-09-08,3631,21537,7.5
3651787,2020-09-09,3631,21537,7.5
3651788,2020-09-10,3631,21537,7.5
3651789,2020-09-11,3631,21537,7.5
3651790,2020-09-08,5722,18201,7.5
3651791,2020-09-09,5722,18201,7.5
3651792,2020-09-10,5722,18201,7.5
3651793,2020-09-11,5722,18201,7.5
3651815,2020-09-08,3636,18285,0.5
3651816,2020-09-08,3636,19348,0.5
3651817,2020-09-08,3636,15452,0.75
3651818,2020-09-08,3636,15452,0.5
3651819,2020-09-08,3636,15357,0.5
3651820,2020-09-08,3636,15452,2
3651821,2020-09-08,3636,15452,0.75
3651822,2020-09-08,3636,26918,0.5
3651823,2020-09-08,3636,26896,0.75
3651824,2020-09-08,3636,26903,0.25
3651825,2020-09-08,3636,19348,0.5
3651826,2020-09-09,3636,15452,1
3651827,2020-09-09,3636,15451,1
3651828,2020-09-09,3636,19348,1.5
3651829,2020-09-09,3636,19348,2
3651830,2020-09-09,3636,19348,1
3651831,2020-09-09,3636,18285,0.5
3651832,2020-09-09,3636,15451,0.25
3651838,2020-09-09,3636,15451,0.5
3651861,2020-09-09,5689,15362,7.5
3651862,2020-09-10,5689,21537,7.5
3651877,2020-09-10,5727,18201,7.5
3651957,2020-09-11,5727,18201,7.5
3651959,2020-09-10,3636,19348,2
3651960,2020-09-10,3636,15357,1
3651961,2020-09-10,3636,15452,1
3651962,2020-09-10,3636,15451,0.5
3652203,2020-09-14,5727,18201,7.5
3652311,2020-08-31,3535,20448,7.5
3652312,2020-09-01,3535,20448,7.5
3652314,2020-09-02,3535,20448,7.5
3652318,2020-09-03,3535,20448,3.5
3652319,2020-09-04,3535,20448,7.5
3652320,2020-09-08,3535,20448,7.5
3652321,2020-09-09,3535,20448,7.5
3652322,2020-09-10,3535,20448,7.5
3652324,2020-09-11,3535,25767,7.5
3661153,2020-11-02,5727,18201,7.5
3661244,2020-11-03,5722,18201,3.75
3661245,2020-11-17,5689,15362,1.5
3661401,2020-11-11,3535,20448,7.5
3661420,2020-11-11,5722,18201,7.5
3661425,2020-11-11,5727,18201,7.5
3661427,2020-11-11,3636,19348,7.5
3661436,2020-11-11,3631,21537,7.5
3661459,2020-11-11,5689,15362,7.5
3661818,2020-10-30,3636,19348,0.5
3661819,2020-11-02,3636,26896,2
3661820,2020-10-26,3636,26918,0.5
3661821,2020-10-26,3636,26919,0.5
3661822,2020-10-26,3636,26921,0.5
3661823,2020-10-26,3636,26922,0.5
3661824,2020-10-26,3636,26923,0.5
3661825,2020-10-26,3636,26926,0.5
3661826,2020-10-27,3636,19348,0.5
3618477,2020-04-10,3535,20448,7.5
3618494,2020-04-10,5722,18201,7.5
3618500,2020-04-10,5727,18201,7.5
3618502,2020-04-10,3636,19348,7.5
3618509,2020-04-10,3631,21537,7.5
3618531,2020-04-10,5689,15362,7.5
3628126,2020-05-14,5727,18201,7.5
3628189,2020-05-15,5727,18201,7.5
3628423,2020-05-12,5689,15362,7.5
3628424,2020-05-13,5689,21537,7.5
3628425,2020-05-14,5689,15362,7.5
3628426,2020-05-15,5689,15362,7.5
3628443,2020-05-19,5727,18201,7.5
3628604,2020-05-19,5689,15362,7.5
3628642,2020-05-20,5727,18201,7.5
3628688,2020-05-21,5727,18201,7.5
3628758,2020-05-22,5727,18201,7.5
3628774,2020-05-20,5689,15362,7.5
3637239,2020-06-25,5689,15362,8.5
3637240,2020-06-26,5689,15362,5
3637241,2020-06-26,5689,21537,2.5
3637242,2020-06-28,5689,15362,0.5
3637243,2020-06-29,5689,21537,7.5
3637244,2020-06-30,5689,21537,5.5
3637245,2020-06-30,5689,26856,0.5
3637416,2020-06-23,3631,21537,3
3637419,2020-06-30,5727,18201,7.5
3646207,2020-08-13,3636,15452,0.5
3646208,2020-08-13,3636,15357,0.5
3646209,2020-08-13,3636,15357,0.5
3646210,2020-08-13,3636,15452,3
3646211,2020-08-13,3636,26896,2
3646212,2020-08-13,3636,18287,0.5
3646221,2020-08-13,3636,15452,0.5
3646222,2020-08-13,3636,15452,0.5
3646259,2020-08-13,5727,18201,7.5
3646260,2020-08-14,5727,18201,7.5
3646461,2020-08-14,3636,19348,3
3646462,2020-08-14,3636,19348,0.75
3646463,2020-08-14,3636,15452,1
3646464,2020-08-14,3636,15452,0.5
3646465,2020-08-14,3636,15452,1.5
3646466,2020-08-14,3636,19348,1
3646570,2020-08-17,3636,15357,1
3646630,2020-08-17,5727,18201,7.5
3646879,2020-08-18,5727,18201,7.5
3646955,2020-08-18,5689,15362,7.5
3647016,2020-08-17,5689,15362,7.5
3647017,2020-08-19,5689,15362,7.5
3647053,2020-08-04,3636,15452,0.25
3647055,2020-08-04,3636,15357,1
3647056,2020-08-04,3636,15451,0.5
3647057,2020-08-05,3636,18287,0.25
3647065,2020-08-04,3636,26826,1
3647067,2020-08-04,3636,25809,0.5
3647069,2020-08-04,3636,15451,0.5
3647070,2020-08-05,3636,15452,1
3647072,2020-08-05,3636,15452,0.5
3647073,2020-08-07,3636,19348,1
3647075,2020-08-04,3636,19348,1.5
3647079,2020-08-05,3636,26842,0.75
3647081,2020-08-06,3636,15451,0.5
3647082,2020-08-19,5727,18201,7.5
3647083,2020-08-06,3636,19348,1
3647084,2020-08-06,3636,15452,0.5
3647085,2020-08-07,3636,19348,0.5
3647086,2020-08-05,3636,15452,0.5
3647087,2020-08-06,3636,15452,0.5
3647088,2020-08-06,3636,15451,0.5
3647089,2020-08-07,3636,19348,1
3647090,2020-08-07,3636,19348,0.25
3647091,2020-08-07,3636,18287,0.25
3647097,2020-08-06,3636,26917,0.5
3647098,2020-08-05,3636,19348,0.5
3647099,2020-08-04,3636,25809,0.25
3647100,2020-08-04,3636,18287,0.5
3647101,2020-08-04,3636,15452,0.25
3647102,2020-08-04,3636,26903,0.25
3647103,2020-08-04,3636,15357,0.25
3647104,2020-08-04,3636,19348,0.5
3647105,2020-08-04,3636,25784,0.25
3647106,2020-08-07,3636,15452,0.5
3647156,2020-08-19,3636,26849,0.25
3647157,2020-08-19,3636,25767,1
3647158,2020-08-18,3636,15357,1.5
3647159,2020-08-19,3636,15357,1
3647160,2020-08-19,3636,26886,0.5
3647161,2020-08-19,3636,19348,0.5
3655438,2020-09-28,5689,15362,7.5
3655439,2020-09-29,5689,21537,7.5
3655510,2020-09-30,3636,25809,2
3655514,2020-09-30,3636,15452,0.75
3655515,2020-09-30,3636,15451,0.75
3655516,2020-09-28,3636,15452,1
3655517,2020-09-28,3636,15452,1
3655936,2020-10-01,5722,18201,7.5
3655937,2020-10-02,5722,18201,7.5
3655968,2020-09-30,5689,15362,7.5
3655969,2020-10-01,5689,21537,7.5
3655975,2020-10-01,5727,18201,7.5
3659003,2020-10-22,3636,15451,3
3659004,2020-10-23,3636,15451,4
3659005,2020-10-22,3636,18285,3
3659006,2020-10-21,3636,18285,3
3659007,2020-10-21,3636,15357,0.5
3659008,2020-10-21,3636,15451,1.5
3659009,2020-10-21,3636,15452,1.5
3659010,2020-10-22,3636,19348,1.5
3659011,2020-10-23,3636,18285,1
3659012,2020-10-23,3636,15452,2.5
3659013,2020-10-20,3636,15452,2
3659014,2020-10-21,3636,19348,1
3659170,2020-10-26,5727,18201,7.5
3659245,2020-10-13,3535,20448,7.5
3659246,2020-10-19,3535,25767,7.5
3659247,2020-10-14,3535,20448,7.5
3659248,2020-10-15,3535,20448,7.5
3659249,2020-10-16,3535,20448,7.5
3659250,2020-10-20,3535,25767,7.5
3659252,2020-10-21,3535,20448,7.5
3659253,2020-10-22,3535,20448,7.5
3659254,2020-10-23,3535,20448,7.5
3659565,2020-10-30,5727,18201,7.5
3659566,2020-11-12,5727,18201,7.5
3659568,2020-10-27,5727,18201,7.5
3659729,2020-10-22,5689,15362,8
3659861,2020-12-21,5689,15362,7.5
3659862,2020-12-22,5689,15362,7.5
3659863,2020-12-23,5689,15362,7.5
3659864,2020-12-29,5689,15362,7.5
3659865,2020-12-30,5689,15362,7.5
3659866,2020-12-31,5689,15362,7.5
3659867,2020-12-21,3631,21537,7.5
3659868,2020-12-22,3631,21537,7.5
3659869,2020-12-23,3631,21537,7.5
3659874,2020-12-29,5727,18201,7.5
3659877,2020-12-29,5722,18201,7.5
3659878,2020-12-30,5722,18201,7.5
3659879,2020-12-31,5722,18201,7.5
3667866,2020-12-07,5727,18201,7.5
3667942,2020-11-23,5689,21537,7.5
3667943,2020-11-24,5689,15362,7.5
3667944,2020-11-25,5689,15362,7.5
3667945,2020-11-26,5689,21537,7.5
3667946,2020-11-27,5689,15362,7.5
3625171,2020-04-30,5689,15362,5
3625172,2020-04-30,5689,21537,2.5
3625174,2020-05-04,5689,15362,4
3625237,2020-05-04,3535,25793,7.5
3625257,2020-05-18,3535,20448,7.5
3625274,2020-05-18,5722,18201,7.5
3625280,2020-05-18,5727,18201,7.5
3625282,2020-05-18,3636,19348,7.5
3625289,2020-05-18,3631,21537,7.5
3625311,2020-05-18,5689,15362,7.5
3625371,2020-05-04,5689,21537,3
3625372,2020-05-04,5689,26856,0.5
3625373,2020-05-05,5689,15362,4
3625374,2020-05-05,5689,21537,3.5
3625592,2020-05-04,5727,18201,7.5
3625593,2020-05-05,5727,18201,7.5
3625594,2020-05-06,5727,18201,7.5
3625595,2020-05-07,5727,18201,7.5
3625648,2020-05-08,5727,18201,7.5
3625650,2020-05-06,5689,21537,4.5
3625651,2020-05-06,5689,21537,3
3625653,2020-05-07,5689,21537,5
3625654,2020-05-07,5689,15362,2.5
3625811,2020-05-11,5689,15362,7.5
3635123,2020-06-18,5689,15362,6.5
3635125,2020-06-17,5689,15362,3
3635126,2020-06-19,5689,15362,4
3635127,2020-06-19,5689,15362,3.5
3635178,2020-06-15,3631,21537,7.5
3635179,2020-06-16,3631,21537,7.5
3635180,2020-06-17,3631,21537,7.5
3635181,2020-06-18,3631,21537,7.5
3635182,2020-06-19,3631,21537,7.5
3635183,2020-06-15,5722,18201,7.5
3635184,2020-06-16,5722,18201,7.5
3635185,2020-06-17,5722,18201,7.5
3635186,2020-06-18,5722,18201,7.5
3635187,2020-06-19,5722,18201,7.5
3635212,2020-06-15,3535,20448,7.5
3635213,2020-06-16,3535,20448,7.5
3635214,2020-06-17,3535,20448,7.5
3635215,2020-06-18,3535,20448,7.5
3635216,2020-06-19,3535,20448,7.5
3635591,2020-06-22,5727,18201,7.5
3635846,2020-07-01,3535,20448,7.5
3635864,2020-07-01,5722,18201,7.5
3635870,2020-07-01,5727,18201,7.5
3635872,2020-07-01,3636,19348,7.5
3635879,2020-07-01,3631,21537,7.5
3635901,2020-07-01,5689,15362,7.5
3635926,2020-06-23,5727,18201,7.5
3635934,2020-06-23,3636,19348,2
3642195,2020-07-29,3636,15452,2
3642196,2020-07-28,3636,18287,2
3642251,2020-07-27,3631,21537,7.5
3642252,2020-07-28,3631,21537,7.5
3642253,2020-07-29,3631,21537,7.5
3642254,2020-07-30,3631,21537,7.5
3642255,2020-07-31,3631,21537,7.5
3642256,2020-07-28,5722,18201,3.75
3642257,2020-07-30,5722,18201,3.75
3642258,2020-07-29,3636,15452,2.5
3642259,2020-07-28,3636,19348,2
3642278,2020-07-29,5727,18201,7.5
3642282,2020-07-29,3636,15357,1
3642283,2020-07-29,3636,25733,0.25
3642286,2020-07-29,3636,26912,1.5
3642287,2020-07-29,3636,15357,0.25
3642297,2020-07-29,3636,19348,1
3642365,2020-07-30,5727,18201,7.5
3642848,2020-07-21,3535,25767,7.5
3642849,2020-07-22,3535,25767,7.5
3642850,2020-07-23,3535,25767,7.5
3652660,2020-09-14,5722,18201,7.5
3652661,2020-09-15,5722,18201,7.5
3652663,2020-09-16,5722,18201,7.5
3652664,2020-09-17,5722,18201,7.5
3652666,2020-09-18,5722,18201,7.5
3652668,2020-09-15,3631,25782,7.5
3652669,2020-09-16,3631,26818,7.5
3652670,2020-09-17,3631,26821,7.5
3652672,2020-09-18,3631,21537,7.5
3652750,2020-09-15,5727,18201,7.5
3652909,2020-09-11,5689,15362,7.5
3652912,2020-09-14,5689,15362,8.5
3652913,2020-09-15,5689,15362,9
3652963,2020-09-11,3636,15357,1
3652964,2020-09-11,3636,19348,2
3652965,2020-09-11,3636,15451,1
3652966,2020-09-11,3636,15452,2
3652977,2020-09-11,3636,15451,1
3652979,2020-09-11,3636,15357,1
3652983,2020-09-10,3636,15451,0.5
3652984,2020-09-10,3636,19348,1
3652985,2020-09-10,3636,15357,0.5
3652986,2020-09-10,3636,26926,0.5
3652987,2020-09-10,3636,26923,0.5
3652988,2020-09-10,3636,26922,0.5
3652989,2020-09-10,3636,26921,0.5
3652994,2020-09-15,3636,19348,1.5
3652995,2020-09-15,3636,15452,1.5
3652996,2020-09-15,3636,26846,0.5
3652997,2020-09-15,3636,26847,0.5
3652998,2020-09-15,3636,26848,0.5
3652999,2020-09-15,3636,26849,0.5
3653000,2020-09-15,3636,15452,2
3653093,2020-09-16,5727,18201,7.5
3653153,2020-09-16,5689,15362,8
3653154,2020-09-17,5689,15362,7.5
3653166,2020-09-17,5727,18201,7.5
3653196,2020-09-18,5689,15362,4
3653207,2020-09-18,5727,18201,7.5
3653364,2020-09-21,5727,18201,7.5
3653376,2020-09-14,3631,21537,2
3659995,2020-10-27,3636,26918,1
3660160,2020-10-28,5727,18201,7.5
3660403,2020-10-29,5727,18201,7.5
3660712,2020-10-26,3631,21537,7.5
3660713,2020-10-27,3631,21537,7.5
3660715,2020-10-28,3631,21537,7.5
3660716,2020-10-29,3631,21537,7.5
3660717,2020-10-30,3631,21537,7.5
3660718,2020-10-26,5722,18201,7.5
3660719,2020-10-27,5722,18201,7.5
3660720,2020-10-28,5722,18201,7.5
3660722,2020-10-29,5722,18201,7.5
3660723,2020-10-30,5722,18201,7.5
3666878,2020-12-01,5727,18201,7.5
3666984,2020-12-10,5689,15362,2
3666985,2020-12-16,5689,15362,2
3666986,2020-12-03,5689,15362,1.5
3667097,2020-12-29,3535,20448,7.5
3667098,2020-12-30,3535,20448,7.5
3667099,2020-12-31,3535,20448,7.5
3667243,2020-12-02,5727,18201,7.5
3667301,2020-11-26,3631,21537,7.5
3667302,2020-11-27,3631,21537,7.5
3667303,2020-11-30,3631,21537,7.5
3667304,2020-12-01,3631,21537,7.5
3667305,2020-12-02,3631,21537,7.5
3667306,2020-12-03,3631,21537,7.5
3667307,2020-12-04,3631,21537,7.5
3667308,2020-11-26,5722,18201,7.5
3667309,2020-11-27,5722,18201,7.5
3667310,2020-11-30,5722,18201,7.5
3648849,2020-08-20,3636,15452,1.5
3648850,2020-08-20,3636,19348,0.5
3648851,2020-08-20,3636,19348,1.5
3648852,2020-08-20,3636,26896,1
3648853,2020-08-21,3636,15451,0.5
3648854,2020-08-24,3636,26889,1
3648855,2020-08-24,3636,15452,1
3648856,2020-08-24,3636,15451,1
3648857,2020-08-24,3636,19348,0.5
3648858,2020-08-27,3636,26855,0.25
3648859,2020-08-31,3636,15451,2
3648860,2020-08-31,3636,19348,1
3648861,2020-08-28,3636,25742,0.25
3648862,2020-08-27,3636,15451,2
3648863,2020-08-27,3636,19348,1.75
3648867,2020-08-25,3636,15451,1
3648868,2020-08-25,3636,19348,2
3648869,2020-08-17,3636,25784,0.5
3648870,2020-08-17,3636,26896,0.5
3648871,2020-08-17,3636,15452,0.5
3648872,2020-08-18,3636,19348,0.5
3648873,2020-08-19,3636,26896,0.5
3648874,2020-08-20,3636,15452,1
3648875,2020-08-21,3636,26896,1
3648876,2020-08-18,3636,19348,3
3648877,2020-08-20,3636,15451,0.25
3648878,2020-08-21,3636,19348,3
3648879,2020-08-21,3636,15451,1
3648880,2020-08-21,3636,15452,2
3648881,2020-08-24,3636,19348,2
3648882,2020-08-26,3636,15357,0.5
3648883,2020-08-24,3636,15451,1.5
3649237,2020-09-02,5689,15362,3.5
3649246,2020-09-01,5727,18201,7.5
3657381,2020-10-14,5689,15362,2
3657423,2020-10-13,5727,18201,7.5
3657494,2020-09-28,3535,20448,7.5
3657496,2020-09-29,3535,25767,7.5
3657497,2020-09-30,3535,20448,7.5
3657498,2020-10-01,3535,20448,7.5
3657499,2020-10-02,3535,20448,7.5
3657501,2020-10-05,3535,20448,7.5
3657502,2020-10-06,3535,25767,7.5
3657503,2020-10-07,3535,20448,7.5
3657504,2020-10-08,3535,20448,7.5
3657505,2020-10-09,3535,20448,7.5
3657573,2020-10-08,3636,19348,1
3657575,2020-10-09,3636,18285,1
3657580,2020-10-09,3636,15451,1
3657582,2020-10-09,3636,15452,1
3657587,2020-10-09,3636,15452,0.5
3657590,2020-10-09,3636,26855,0.5
3657594,2020-10-09,3636,19348,1
3657596,2020-10-09,3636,15452,0.5
3657597,2020-10-08,3636,15452,1.5
3657598,2020-10-08,3636,19348,1
3657600,2020-10-08,3636,19348,2
3657601,2020-10-08,3636,15452,2
3657602,2020-10-09,3636,19348,1
3657603,2020-10-09,3636,15452,1
3657661,2020-10-02,5689,15362,7.5
3657662,2020-10-05,5689,15362,7.5
3657663,2020-10-06,5689,21537,7.5
3657664,2020-10-07,5689,15362,7.5
3657666,2020-10-08,5689,15362,7.5
3657667,2020-10-09,5689,21537,8.5
3657725,2020-10-14,5727,18201,7.5
3657728,2020-10-05,3631,21537,7.5
3657766,2020-10-08,3631,21537,7.5
3657767,2020-10-09,3631,21537,7.5
3657787,2020-10-13,3631,21537,7.5
3657788,2020-10-14,3631,21537,7.5
3657789,2020-10-15,3631,21537,7.5
3657790,2020-10-16,3631,21537,7.5
3657791,2020-10-13,5722,18201,7.5
3657792,2020-10-14,5722,18201,7.5
3657793,2020-10-15,5722,18201,7.5
3657794,2020-10-16,5722,18201,7.5
3665117,2020-11-24,5727,18201,7.5
3665258,2020-11-19,3535,20448,7.5
3665259,2020-11-23,3535,20448,7.5
3665260,2020-11-09,3535,20448,7.5
3665261,2020-11-10,3535,20448,7.5
3665262,2020-11-12,3535,20448,7.5
3665264,2020-11-13,3535,20448,7.5
3665265,2020-11-16,3535,20448,7.5
3665266,2020-11-17,3535,20448,7.5
3665267,2020-11-18,3535,20448,7.5
3665268,2020-11-20,3535,20448,7.5
3665501,2020-11-25,5727,18201,7.5
3665508,2020-11-23,5722,18201,7.5
3665509,2020-11-24,5722,18201,7.5
3665510,2020-11-25,5722,18201,7.5
3665511,2020-11-23,3631,21537,7.5
3665512,2020-11-24,3631,21537,7.5
3665513,2020-11-25,3631,21537,7.5
3665695,2020-11-26,5727,18201,7.5
3665715,2020-11-25,3636,19348,0.5
3665716,2020-11-25,3636,19348,1
3665718,2020-11-23,3636,26978,1
3665720,2020-11-23,3636,15452,1
3665721,2020-11-25,3636,19348,1.5
3665723,2020-11-25,3636,19348,3.5
3665724,2020-11-24,3636,18285,0.75
3665725,2020-11-23,3636,26977,1
3665726,2020-11-26,3636,15452,1.5
3665727,2020-11-26,3636,15452,1.5
3665728,2020-11-25,3636,19348,1
3665729,2020-11-26,3636,15452,0.5
3665730,2020-11-24,3636,26971,0.5
3665731,2020-11-23,3636,26969,0.5
3665732,2020-11-23,3636,26970,0.5
3665733,2020-11-23,3636,26968,0.5
3665734,2020-11-23,3636,26967,0.5
3665735,2020-11-23,3636,26957,0.5
3665736,2020-11-23,3636,26956,0.5
3665737,2020-11-23,3636,26952,0.5
3665738,2020-11-23,3636,26951,0.5
3665739,2020-11-24,3636,25809,2
3665740,2020-11-26,3636,25809,1
3665741,2020-11-24,3636,19348,0.25
3665742,2020-11-24,3636,19348,0.5
3665743,2020-11-24,3636,15452,1
3665744,2020-11-23,3636,19348,0.5
3665745,2020-11-24,3636,15452,2.5
3665746,2021-01-25,3636,19348,7.5
3665747,2021-01-26,3636,19348,7.5
3665748,2021-01-27,3636,19348,7.5
3665749,2021-01-28,3636,19348,7.5
3665750,2021-01-29,3636,19348,7.5
3665751,2021-03-24,3636,19348,7.5
3665752,2021-03-25,3636,19348,7.5
3665784,2020-11-27,5727,18201,7.5
3672564,2020-12-29,3636,15452,1.5
3672565,2020-12-21,3636,15452,2.5
3672566,2020-12-21,3636,15452,0.5
3672567,2020-12-21,3636,26921,3
3672569,2020-12-22,3636,15452,0.5
3672572,2020-12-23,3636,19348,0.5
3672573,2020-12-21,3636,19348,1.5
3672574,2020-12-23,3636,26998,1
3672575,2020-12-23,3636,26999,1
3672576,2020-12-29,3636,26989,1
3672577,2020-12-29,3636,26987,0.5
3672579,2020-12-29,3636,26927,0.25
3649653,2020-09-01,3636,15451,0.25
3649655,2020-08-31,3636,15452,2
3649656,2020-08-31,3636,15451,1
3649806,2020-09-01,3636,15452,0.25
3649807,2020-09-01,3636,15452,0.75
3649808,2020-08-31,3636,15452,0.25
3649809,2020-08-31,3636,19348,1.25
3649816,2020-09-01,3636,15452,0.5
3650124,2020-09-08,5727,18201,7.5
3650125,2020-09-09,5727,18201,7.5
3650182,2020-09-02,5727,18201,7.5
3650183,2020-08-21,3535,20448,6
3650223,2020-09-02,3636,19348,0.5
3650224,2020-09-02,3636,15451,2
3650225,2020-09-02,3636,15452,2
3650227,2020-09-02,3636,26926,1.5
3650231,2020-09-02,3636,15451,0.5
3650232,2020-09-02,3636,15452,1
3650274,2020-09-03,5727,18201,7.5
3650303,2020-09-01,5689,15362,7.5
3650304,2020-09-02,5689,21537,4
3650305,2020-08-31,5722,18201,7.5
3650306,2020-09-01,5722,18201,7.5
3650307,2020-09-02,5722,18201,7.5
3650308,2020-09-04,5722,18201,7.5
3650309,2020-09-03,5722,18201,7.5
3650310,2020-09-01,3631,21537,7.5
3650311,2020-08-31,3631,21537,7.5
3650312,2020-09-02,3631,21537,7.5
3650313,2020-09-03,3631,21537,7.5
3650315,2020-09-04,3631,21537,7.5
3650320,2020-09-03,5689,15362,7.5
3658161,2020-10-15,5727,18201,7.5
3658346,2020-10-16,5727,18201,7.5
3658358,2020-10-15,3636,19348,3.5
3658359,2020-10-15,3636,15452,3
3658360,2020-10-15,3636,15357,1
3658361,2020-10-15,3636,15452,0.5
3658362,2020-10-15,3636,15357,0.5
3658363,2020-10-13,3636,25780,0.5
3658364,2020-10-13,3636,15357,1.5
3658365,2020-10-14,3636,26941,1
3658366,2020-10-13,3636,18285,0.5
3658367,2020-10-14,3636,15452,1
3658368,2020-10-14,3636,19348,3
3658369,2020-10-14,3636,19348,0.5
3658370,2020-10-14,3636,15451,2
3658371,2020-10-16,3636,26896,1
3658372,2020-10-16,3636,19348,1
3658374,2020-10-16,3636,15357,2.5
3658379,2020-10-16,3636,15452,1
3658382,2020-10-16,3636,15452,0.5
3658383,2020-10-13,3636,15452,2
3658384,2020-10-15,3636,19348,0.5
3658385,2020-10-13,3636,15357,1
3658386,2020-10-13,3636,15452,2
3658387,2020-10-16,3636,26836,0.5
3658391,2020-10-16,3636,15452,1.5
3658392,2020-10-16,3636,15451,0.5
3658498,2020-10-19,3636,15452,0.5
3658499,2020-10-19,3636,26832,0.5
3658502,2020-10-19,3636,15452,0.75
3658510,2020-10-19,3636,15451,0.75
3658511,2020-10-19,3636,15452,0.5
3658518,2020-10-19,5727,18201,7.5
3658525,2020-10-19,3636,15357,0.75
3658526,2020-10-19,3636,19348,2
3658527,2020-10-19,3636,19348,0.5
3658544,2020-10-19,3636,26886,1.25
3658560,2020-10-20,5727,18201,7.5
3658613,2020-10-20,3636,26886,0.5
3658614,2020-10-20,3636,15452,2.5
3658615,2020-10-20,3636,15451,2.5
3658677,2020-10-21,5727,18201,7.5
3658685,2020-10-19,3631,21537,7.5
3658686,2020-10-20,3631,21537,7.5
3658687,2020-10-21,3631,21537,7.5
3658688,2020-10-19,5722,18201,7.5
3658689,2020-10-20,5722,18201,7.5
3658690,2020-10-21,5722,18201,7.5
3658743,2020-10-22,5727,18201,7.5
3658756,2020-10-13,5689,15362,8
3658757,2020-10-14,5689,15362,7
3658760,2020-10-15,5689,15362,8.5
3658761,2020-10-16,5689,15362,9
3658762,2020-10-19,5689,15362,5
3658763,2020-10-19,5689,21537,2.5
3658764,2020-10-20,5689,15362,7.5
3658765,2020-10-21,5689,15362,4
3658766,2020-10-21,5689,21537,4
3658767,2020-10-23,5689,15362,7.5
3658768,2020-10-23,5689,21537,1
3658785,2020-10-22,5722,18201,7.5
3658786,2020-10-23,5722,18201,7.5
3658787,2020-10-22,3631,21537,7.5
3658788,2020-10-23,3631,21537,7.5
3658857,2020-10-23,5727,18201,7.5
3665874,2020-11-27,3636,26921,1
3665907,2020-11-27,3636,19348,0.75
3665908,2020-11-27,3636,19348,0.5
3665909,2020-11-27,3636,26968,1
3665910,2020-11-27,3636,18285,0.5
3665911,2020-11-27,3636,19348,1.25
3665912,2020-11-26,3636,26951,1
3665913,2020-11-26,3636,26926,1
3665914,2020-11-26,3636,26918,1
3665915,2020-11-27,3636,26970,1
3665916,2020-11-27,3636,26971,1
3665917,2020-11-27,3636,26951,0.5
3666096,2020-11-30,5727,18201,7.5
3673430,2021-01-07,5727,18201,7.5
3673498,2021-01-04,5689,21537,7.5
3673499,2021-01-05,5689,15362,7.5
3673500,2021-01-06,5689,21537,7.5
3673501,2021-01-07,5689,21537,7.5
3673502,2021-01-08,5689,21537,7.5
3673508,2021-01-08,5727,18201,7.5
3673605,2021-01-06,5727,18201,1
3673606,2021-01-08,3631,21537,2
3673607,2021-01-11,5727,18201,7.5
3673722,2021-01-04,5722,18201,7.5
3673723,2021-01-05,5722,18201,7.5
3673724,2021-01-06,5722,18201,7.5
3673725,2021-01-07,5722,18201,7.5
3673726,2021-01-08,5722,18201,2.5
3673727,2021-01-08,5722,26994,5
3673787,2021-01-06,5727,18201,6.5
3673788,2021-01-12,5727,18201,7.5
3673817,2021-01-22,3631,21537,7.5
3673856,2021-01-13,5727,18201,7.5
3673896,2021-01-11,5689,21537,7.5
3673897,2021-01-12,5689,21537,7.5
3673898,2021-01-13,5689,21537,7.5
3673973,2021-01-14,5727,18201,7.5
3673993,2021-01-11,5722,18201,7.5
3673994,2021-01-12,5722,18201,7.5
3673995,2021-01-13,5722,18201,7.5
3673996,2021-01-14,5722,18201,7.5
3673997,2021-01-15,5722,18201,4.5
3673998,2021-01-04,3631,21537,7.5
3673999,2021-01-05,3631,21537,7.5
3674000,2021-01-06,3631,21537,7.5
3674001,2021-01-07,3631,21537,7.5
3674002,2021-01-11,3631,21537,7.5
3674003,2021-01-12,3631,21537,7.5
3664419,2020-11-20,3636,15452,2
3664420,2020-11-20,3636,18285,1
3664421,2020-11-19,3636,15357,1
3664422,2020-11-19,3636,18285,0.5
3664423,2020-11-19,3636,19348,1
3664424,2020-11-19,3636,18285,1
3664425,2020-11-19,3636,19348,1
3664426,2020-11-19,3636,15452,2
3664581,2020-11-19,5722,18201,7.5
3664582,2020-11-20,5722,18201,7.5
3664583,2020-11-19,3631,21537,7.5
3664584,2020-11-20,3631,21537,7.5
3664602,2020-11-23,5727,18201,7.5
3664603,2020-11-17,5689,21537,6
3664604,2020-11-18,5689,15362,8
3664605,2020-11-19,5689,21537,8
3664606,2020-11-20,5689,15362,7.5
3664666,2020-11-20,3636,18285,2
3664667,2020-11-20,3636,15452,1
3664668,2020-11-20,3636,15452,1.5
3671417,2020-12-07,3535,20448,7.5
3671418,2020-12-08,3535,20448,7.5
3671419,2020-12-09,3535,20448,7.5
3671420,2020-12-10,3535,20448,7.5
3671421,2020-12-11,3535,20448,7.5
3671422,2020-12-14,3535,20448,7.5
3671423,2020-12-15,3535,20448,7.5
3671424,2020-12-16,3535,20448,7.5
3671425,2020-12-17,3535,20448,7.5
3671426,2020-12-18,3535,20448,7.5
3671427,2020-12-21,3535,20448,7.5
3671428,2020-12-22,3535,20448,7.5
3671429,2020-12-23,3535,20448,7.5
3671546,2020-12-21,5722,18201,6.5
3671547,2020-12-22,5722,18201,7.5
3671548,2020-12-23,5722,18201,7.5
3671751,2020-12-22,5727,18201,7.5
3671831,2020-12-16,3636,15357,0.5
3671834,2020-12-17,3636,15452,3
3671839,2020-12-10,3636,15452,3
3671840,2020-12-14,3636,19348,3
3671843,2020-12-11,3636,15452,5
3671845,2020-12-09,3636,19348,2
3671848,2020-12-08,3636,15452,1.5
3671849,2020-12-15,3636,15452,1
3671851,2020-12-15,3636,19348,2.5
3671855,2020-12-11,3636,26896,0.5
3671859,2020-12-18,3636,26995,3
3671864,2020-12-18,3636,25784,0.5
3671866,2020-12-18,3636,19348,0.5
3671867,2020-12-18,3636,15452,1.5
3671869,2020-12-17,3636,26896,1.5
3671871,2020-12-17,3636,19348,0.5
3671872,2020-12-17,3636,19348,0.5
3671873,2020-12-17,3636,25701,0.5
3671874,2020-12-17,3636,15452,1
3671875,2020-12-16,3636,15452,2
3671876,2020-12-08,3636,15357,1
3671878,2020-12-07,3636,15357,0.5
3671879,2020-12-18,3636,19348,1
3671880,2020-12-15,3636,19348,1.5
3671881,2020-12-16,3636,15452,2
3671882,2020-12-15,3636,15357,1
3671887,2020-12-15,3636,15452,0.25
3671888,2020-12-15,3636,15452,1
3671889,2020-12-15,3636,26927,0.25
3671892,2020-12-14,3636,15452,0.25
3671893,2020-12-14,3636,19348,2
3671894,2020-12-14,3636,15452,0.25
3671902,2020-12-09,3636,25780,0.5
3671956,2020-12-09,3636,15357,1
3671959,2020-12-08,3636,25767,0.5
3671961,2020-12-08,3636,19348,1
3671963,2020-12-07,3636,26987,1
3671964,2020-12-07,3636,26978,1
3671967,2020-12-07,3636,26971,0.5
3671969,2020-12-07,3636,26970,0.5
3671970,2020-12-07,3636,19348,1
3671972,2020-12-07,3636,15452,1
3671975,2020-12-08,3636,19348,2
3671976,2020-12-08,3636,15452,1.5
3671979,2020-12-09,3636,19348,2
3671981,2020-12-09,3636,15452,2
3671983,2020-12-10,3636,19348,1.5
3671984,2020-12-10,3636,15452,1
3671985,2020-12-10,3636,19348,2
3672007,2020-12-14,3636,19348,1
3672008,2020-12-14,3636,15452,1
3672010,2020-12-16,3636,19348,1.5
3672011,2020-12-16,3636,15452,1.5
3672013,2020-12-17,3636,19348,0.5
3672014,2020-12-18,3636,19348,1
3672215,2020-12-21,5722,26994,1
3672317,2020-12-23,5727,18201,7.5
3672349,2020-12-23,3636,26987,2
3672351,2020-12-22,3636,15452,1
3672352,2020-12-22,3636,26921,1
3672353,2020-12-23,3636,26967,1
3672354,2020-12-22,3636,15452,3
3672355,2020-12-23,3636,15452,0.5
3672356,2020-12-22,3636,15452,0.5
3672357,2020-12-22,3636,26968,1.5
3672359,2020-12-23,3636,18285,0.5
3678150,2021-01-18,3636,19348,2.5
3678151,2021-01-19,3636,19348,2.5
3678152,2021-01-20,3636,19348,2.5
3678153,2021-01-21,3636,19348,1.5
3678154,2021-01-22,3636,19348,1.5
3678157,2021-01-22,3636,25784,1.5
3678158,2021-01-22,3636,27004,2
3678161,2021-01-22,3636,19348,1
3678162,2021-01-22,3636,19348,1
3678164,2021-01-21,3636,26949,1
3678166,2021-01-21,3636,26921,1
3678169,2021-01-21,3636,15452,1.5
3678170,2021-01-21,3636,19348,1
3678172,2021-01-22,3636,19348,0.5
3678175,2021-01-21,3636,26970,0.75
3678177,2021-01-21,3636,26971,0.75
3678179,2021-01-20,3636,15452,2
3678182,2021-01-18,3636,19348,1.5
3678184,2021-01-18,3636,26967,1
3678185,2021-01-18,3636,25784,0.5
3678186,2021-01-18,3636,27004,1.5
3678187,2021-01-19,3636,15451,2
3678188,2021-01-19,3636,15452,3
3678190,2021-01-18,3636,15452,0.5
3678191,2021-01-20,3636,15451,1
3678192,2021-01-20,3636,15452,2
3678303,2021-02-03,5727,18201,7.5
3678372,2021-02-02,3636,15357,1.5
3678382,2021-02-03,3636,15452,0.5
3678383,2021-02-03,3636,19348,1
3678384,2021-02-02,3636,27010,1.5
3678385,2021-02-03,3636,27016,1.5
3678386,2021-02-03,3636,27017,1.5
3678387,2021-02-02,3636,15452,1
3678388,2021-02-01,3636,15452,1.5
3678389,2021-02-02,3636,27015,1.5
3678390,2021-02-01,3636,15357,0.5
3678391,2021-02-02,3636,15452,1
3678392,2021-02-02,3636,19348,1
3678393,2021-02-01,3636,15452,1.5
3678394,2021-02-01,3636,19348,0.5
3678395,2021-02-03,3636,15357,0.5
3661827,2020-10-27,3636,26928,0.5
3661828,2020-10-27,3636,26930,0.5
3661829,2020-10-27,3636,26942,0.5
3661830,2020-10-27,3636,26937,0.5
3661832,2020-10-26,3636,19348,2
3661833,2020-10-30,3636,19348,3
3661834,2020-10-27,3636,26941,0.5
3661835,2020-10-27,3636,26949,1
3661836,2020-10-27,3636,26950,1
3661837,2020-11-02,3636,26952,0.5
3661838,2020-11-02,3636,15452,2
3661839,2020-10-29,3636,18285,2
3661840,2020-10-27,3636,25767,1
3661841,2020-10-26,3636,15357,2.5
3661842,2020-10-27,3636,26886,0.25
3661843,2020-10-28,3636,15452,0.5
3661844,2020-10-27,3636,19348,0.25
3661845,2020-10-29,3636,26927,1.5
3661847,2020-10-28,3636,15452,2
3661848,2020-10-28,3636,15451,1
3661849,2020-10-28,3636,26896,2
3661850,2020-10-28,3636,19348,2
3661852,2020-10-29,3636,19348,2
3661854,2020-10-29,3636,15452,2
3661855,2020-10-30,3636,15452,4
3661875,2020-11-02,3636,15357,0.5
3661876,2020-11-02,3636,15452,1.5
3661877,2020-11-02,3636,19348,1
3661878,2020-11-03,3636,19348,0.5
3661879,2020-11-05,3636,15452,2.25
3661880,2020-11-03,3636,26948,0.25
3661881,2020-11-03,3636,26952,1
3661882,2020-11-03,3636,19348,0.25
3661884,2020-11-03,5727,18201,7.5
3661885,2020-11-03,3636,19348,0.75
3661894,2020-10-26,5689,15362,7.5
3661895,2020-10-27,5689,15362,7.5
3669000,2020-12-09,5727,18201,7.5
3669362,2020-12-24,3535,20448,7.5
3669381,2020-12-24,5722,18201,7.5
3669386,2020-12-24,5727,18201,7.5
3669388,2020-12-24,3636,19348,7.5
3669397,2020-12-24,3631,21537,7.5
3669418,2020-12-24,5689,15362,7.5
3669429,2020-12-25,3535,20448,7.5
3669448,2020-12-25,5722,18201,7.5
3669453,2020-12-25,5727,18201,7.5
3669455,2020-12-25,3636,19348,7.5
3669464,2020-12-25,3631,21537,7.5
3669485,2020-12-25,5689,15362,7.5
3669496,2020-12-28,3535,20448,7.5
3674447,2021-01-18,5727,18201,7.5
3674468,2021-01-18,3631,21537,7.5
3674469,2021-01-18,5722,18201,7.5
3674491,2021-01-14,5689,21537,7.5
3674492,2021-01-15,5689,15362,7.5
3674885,2021-01-15,3636,15451,0.5
3674888,2021-01-15,3636,19348,1
3674889,2021-01-15,3636,19348,1
3674890,2021-01-15,3636,18285,1
3674891,2021-01-15,3636,19348,0.25
3674892,2021-01-15,3636,15451,0.5
3674893,2021-01-13,3636,15452,3.5
3674894,2021-01-13,3636,15451,0.5
3674895,2021-01-13,3636,19348,2
3674896,2021-01-13,3636,15357,1
3674897,2021-01-12,3636,15452,0.25
3674898,2021-01-12,3636,19348,5
3674899,2021-01-12,3636,19348,0.25
3674900,2021-01-12,3636,26896,2
3674901,2021-01-11,3636,26921,1
3674902,2021-01-11,3636,15451,1
3674903,2021-01-11,3636,15452,0.5
3674904,2021-01-11,3636,27003,1
3674905,2021-01-11,3636,19348,1.5
3674907,2021-01-11,3636,19348,2
3674910,2021-01-11,3636,19348,0.5
3674911,2021-01-08,3636,19348,1
3674913,2021-01-08,3636,15452,1
3674914,2021-01-08,3636,26896,0.5
3674916,2021-01-08,3636,25784,0.5
3674917,2021-01-08,3636,19348,1
3674918,2021-01-07,3636,26886,1
3674919,2021-01-06,3636,15452,1
3674920,2021-01-06,3636,26977,1
3674921,2021-01-06,3636,26956,1
3674922,2021-01-06,3636,26951,1
3674923,2021-01-05,3636,25780,0.5
3674924,2021-01-04,3636,15452,0.25
3674925,2021-01-04,3636,19348,1.5
3674926,2021-01-04,3636,15452,2
3674927,2021-01-05,3636,19348,3.5
3674928,2021-01-05,3636,15452,3.5
3674929,2021-01-06,3636,19348,1
3674930,2021-01-06,3636,15452,1.5
3674931,2021-01-07,3636,19348,3
3674932,2021-01-07,3636,15452,3.5
3674933,2021-01-08,3636,15452,2
3674934,2021-01-08,3636,19348,1.5
3674935,2021-01-15,3636,15452,0.25
3674936,2021-01-15,3636,19348,1.5
3674937,2021-01-15,3636,15452,1.5
3674938,2021-01-06,3636,19348,1
3674939,2021-01-13,3636,19348,0.5
3674940,2021-01-14,3636,19348,2
3674941,2021-01-14,3636,19348,2
3674943,2021-01-14,3636,19348,1.5
3674944,2021-01-14,3636,15452,2
3674945,2021-01-04,3535,20448,7.5
3674946,2021-01-05,3535,20448,7.5
3674947,2021-01-06,3535,20448,7.5
3674948,2021-01-08,3535,20448,7.5
3674949,2021-01-07,3535,20448,7.5
3674950,2021-01-11,3535,20448,7.5
3674951,2021-01-12,3535,20448,7.5
3674952,2021-01-13,3535,20448,7.5
3674953,2021-01-14,3535,20448,7.5
3674954,2021-01-15,3535,20448,7.5
3674988,2021-01-19,5727,18201,7.5
3675138,2021-01-18,5689,21537,7.5
3675139,2021-01-19,5689,15362,9.5
3675140,2021-01-20,5689,15362,7.5
3679128,2021-02-11,5727,18201,7.5
3679152,2021-02-11,3636,15452,0.5
3679153,2021-02-11,3636,15357,0.5
3679154,2021-02-11,3636,15452,0.5
3679155,2021-02-11,3636,26974,0.5
3679160,2021-02-11,3636,19348,0.25
3679161,2021-02-11,3636,26949,0.5
3679164,2021-02-11,3636,19348,0.5
3679169,2021-02-11,3636,15452,1.25
3679186,2021-02-11,3636,19348,1.5
3679194,2021-02-11,3636,19348,1
3679245,2021-02-12,5727,18201,7.5
3679277,2021-02-11,3636,19348,0.5
3679278,2021-02-12,3636,15357,0.5
3679303,2021-02-12,3636,15452,0.5
3679304,2021-02-12,3636,19348,0.5
3679306,2021-02-08,5722,18201,7.5
3679307,2021-02-09,5722,18201,7.5
3679308,2021-02-10,5722,18201,7.5
3679309,2021-02-11,5722,18201,7.5
3679310,2021-02-12,5722,18201,7.5
3679311,2021-02-09,3631,21537,7.5
3679312,2021-02-10,3631,21537,7.5
3653752,2020-09-24,3631,26818,7.5
3653753,2020-09-25,3631,25782,7.5
3653754,2020-09-21,5722,18201,7.5
3653755,2020-09-22,5722,18201,7.5
3653756,2020-09-23,5722,18201,7.5
3653757,2020-09-24,5722,18201,7.5
3653758,2020-09-25,5722,18201,7.5
3653859,2020-09-22,5689,15362,7.5
3653860,2020-09-25,5727,18201,7.5
3653862,2020-09-23,5689,15362,7.5
3653863,2020-09-24,5689,21537,7.5
3653864,2020-09-25,5689,15362,7.5
3654179,2020-09-28,5727,18201,7.5
3654232,2020-09-14,3535,20448,7.5
3654233,2020-09-15,3535,20448,7.5
3654234,2020-09-16,3535,20448,7.5
3654235,2020-09-17,3535,20448,7.5
3654236,2020-09-18,3535,20448,7.5
3654237,2020-09-21,3535,20448,7.5
3654238,2020-09-22,3535,20448,7.5
3654240,2020-09-23,3535,25767,7.5
3654241,2020-09-24,3535,20448,7.5
3654242,2020-09-25,3535,20448,7.5
3661896,2020-10-28,5689,21537,7.5
3661897,2020-10-29,5689,15362,7.5
3661898,2020-10-30,5689,15362,7.5
3661899,2020-11-02,5689,21537,7.5
3661900,2020-11-03,5689,15362,8.5
3661906,2020-11-03,3636,15452,0.5
3661921,2020-11-03,3636,26956,1
3661922,2020-11-03,3636,26957,1
3661923,2020-11-03,3636,15452,0.25
3662023,2020-11-04,5727,18201,7.5
3662027,2020-11-04,3636,18285,1
3662028,2020-11-04,3636,15452,1.5
3662029,2020-11-06,3636,15452,2
3662030,2020-11-04,3636,26952,1
3662031,2020-11-04,3636,19348,0.5
3662032,2020-11-04,3636,19348,1
3662033,2020-11-04,3636,15452,0.5
3662090,2020-11-05,5727,18201,7.5
3662152,2020-11-02,5722,18201,7.5
3662153,2020-11-03,5722,18201,3.75
3662154,2020-11-04,5722,18201,7.5
3662155,2020-11-05,5722,18201,7.5
3662156,2020-11-06,5722,18201,7.5
3662157,2020-11-02,3631,21537,7.5
3662158,2020-11-03,3631,21537,7.5
3662159,2020-11-04,3631,21537,7.5
3662160,2020-11-05,3631,21537,7.5
3662161,2020-11-06,3631,21537,7.5
3662181,2020-11-05,3636,15452,2.5
3662182,2020-11-05,3636,15452,2.75
3662183,2020-11-05,3636,15451,1
3662184,2020-11-05,3636,19348,0.25
3662185,2020-11-04,3636,15357,0.5
3662215,2020-11-06,5727,18201,7.5
3662427,2020-11-06,3636,15452,3
3662428,2020-11-04,3636,15451,2
3662429,2020-11-06,3636,25767,0.5
3662430,2020-11-06,3636,15452,2
3662496,2020-11-09,5727,18201,7.5
3662584,2020-10-26,3535,20448,7.5
3662585,2020-10-27,3535,20448,7.5
3662586,2020-10-28,3535,20448,7.5
3662587,2020-10-29,3535,20448,7.5
3662588,2020-10-30,3535,20448,7.5
3662589,2020-11-02,3535,20448,7.5
3662591,2020-11-03,3535,20448,7.5
3662592,2020-11-04,3535,20448,7.5
3662594,2020-11-05,3535,20448,7.5
3662595,2020-11-06,3535,20448,7.5
3662633,2020-11-04,5689,15362,7.5
3662634,2020-11-05,5689,21537,7.5
3662635,2020-11-06,5689,15362,7.5
3662773,2020-11-09,3636,19348,4
3662876,2020-11-09,5689,15362,4.5
3662877,2020-12-29,3631,21537,7.5
3662878,2020-12-30,3631,21537,7.5
3662879,2020-12-31,3631,21537,7.5
3662882,2020-12-01,3636,19348,7.5
3669515,2020-12-28,5722,18201,7.5
3669520,2020-12-28,5727,18201,7.5
3669522,2020-12-28,3636,19348,7.5
3669531,2020-12-28,3631,21537,7.5
3669552,2020-12-28,5689,15362,7.5
3669563,2021-01-01,3535,20448,7.5
3669582,2021-01-01,5722,18201,7.5
3669587,2021-01-01,5727,18201,7.5
3669589,2021-01-01,3636,19348,7.5
3669598,2021-01-01,3631,21537,7.5
3669619,2021-01-01,5689,15362,7.5
3669627,2020-12-10,5727,18201,7.5
3669744,2020-12-11,5689,15362,3
3669775,2020-12-11,5727,18201,7.5
3669823,2020-12-07,5722,18201,7.5
3669824,2020-12-08,5722,18201,7.5
3669825,2020-12-09,5722,18201,7.5
3669826,2020-12-10,5722,18201,7.5
3669827,2020-12-11,5722,18201,4.5
3669828,2020-12-07,3631,21537,7.5
3669829,2020-12-08,3631,21537,6.5
3669830,2020-12-09,3631,21537,7.5
3669831,2020-12-10,3631,21537,7.5
3669832,2020-12-11,3631,21537,7.5
3670057,2020-12-14,5727,18201,7.5
3670214,2020-12-15,5727,18201,7.5
3670215,2020-12-09,5689,21537,7.5
3670216,2020-12-08,5689,21537,7.5
3670217,2020-12-10,5689,21537,5.5
3670218,2020-12-14,5689,21537,7.5
3670219,2020-12-11,5689,15362,4.5
3670221,2020-12-07,5689,21537,7.5
3670231,2020-12-15,5689,21537,7.5
3670232,2020-12-17,5689,21537,7.5
3670233,2020-12-16,5689,21537,5.5
3670234,2020-12-18,5689,21537,7.5
3670383,2020-12-16,5727,18201,7.5
3676182,2021-01-27,5727,18201,7.5
3676316,2021-01-28,5727,18201,7.5
3676414,2021-01-29,5727,18201,7.5
3676595,2021-01-26,5722,18201,7.5
3676596,2021-01-27,5722,18201,7.5
3676597,2021-01-28,5722,18201,7.5
3676598,2021-01-29,5722,18201,6.5
3676599,2021-01-29,5722,26994,1
3676600,2021-01-29,3631,21537,5.5
3676601,2021-01-26,3631,21537,7.5
3676602,2021-01-27,3631,21537,7.5
3676603,2021-01-28,3631,21537,7.5
3677065,2021-02-15,3535,20448,7.5
3677085,2021-02-15,5722,18201,7.5
3677090,2021-02-15,5727,18201,7.5
3677092,2021-02-15,3636,19348,7.5
3677101,2021-02-15,3631,21537,7.5
3680924,2021-02-23,5727,18201,7.5
3680990,2021-02-24,5727,18201,7.5
3681017,2021-02-22,5722,18201,7.5
3681018,2021-02-23,5722,18201,7.5
3681019,2021-02-24,5722,18201,7.5
3681020,2021-02-25,5722,18201,7.5
3681021,2021-02-26,5722,18201,7
3681022,2021-02-22,3631,21537,7.5
3681023,2021-02-23,3631,21537,7.5
3681024,2021-02-24,3631,21537,7.5
3674004,2021-01-13,3631,21537,7.5
3674005,2021-01-14,3631,21537,7.5
3674006,2021-01-15,3631,21537,7.5
3674007,2021-01-08,3631,21537,5.5
3674145,2021-01-15,5727,18201,7.5
3674183,2021-01-15,5722,26994,3
3684754,2021-03-09,3636,25717,1
3684755,2021-03-09,3636,27017,1.5
3684849,2021-03-10,5727,18201,7.5
3684922,2021-03-11,5727,18201,7.5
3684952,2021-03-10,3636,19348,2
3685995,2021-03-12,5727,18201,7.5
3686047,2021-03-01,5689,21537,7.5
3686048,2021-03-02,5689,21537,7.5
3686049,2021-03-03,5689,21537,8.5
3686050,2021-03-04,5689,21537,7.5
3686051,2021-03-05,5689,21537,6
3686052,2021-03-08,5689,21537,6.5
3686053,2021-03-09,5689,21537,8.5
3686054,2021-03-10,5689,15362,7.5
3686055,2021-03-11,5689,15362,7
3686056,2021-03-12,5689,15362,7.5
3686098,2021-03-12,3636,27034,1
3686099,2021-03-12,3636,27035,1
3686326,2021-03-12,3636,19348,1.75
3686327,2021-03-12,3636,15452,2.75
3686331,2021-03-10,3636,19348,2
3686334,2021-03-09,3636,19348,2
3686335,2021-03-12,3636,26988,0.5
3686336,2021-03-12,3636,19348,0.25
3686337,2021-03-15,3636,18285,0.5
3686338,2021-03-15,3636,19348,0.25
3686339,2021-03-15,3636,27028,0.5
3686340,2021-03-15,3636,27016,1
3686342,2021-03-11,3636,27022,0.5
3686343,2021-03-11,3636,15452,0.5
3686345,2021-03-11,3636,19348,2.5
3686347,2021-03-11,3636,19348,1
3686350,2021-03-11,3636,19348,0.5
3686351,2021-03-11,3636,19348,2.5
3686352,2021-03-11,3636,27028,0.5
3686353,2021-03-10,3636,26896,0.5
3686354,2021-03-10,3636,15357,1
3686356,2021-03-10,3636,27022,0.5
3686357,2021-03-10,3636,19348,0.5
3686358,2021-03-10,3636,26896,0.5
3686359,2021-03-09,3636,27010,1
3686361,2021-03-09,3636,27015,1
3686363,2021-03-05,3636,26896,1.75
3686366,2021-03-10,3636,15452,0.5
3686367,2021-03-05,3636,15452,1
3686368,2021-03-05,3636,19348,1.5
3686369,2021-03-05,3636,15452,0.25
3686370,2021-03-04,3636,15452,1
3686371,2021-03-03,3636,15452,0.5
3686372,2021-03-03,3636,27028,1
3686373,2021-03-03,3636,27017,1
3686374,2021-03-03,3636,19348,1
3686375,2021-03-03,3636,26967,0.5
3686376,2021-03-02,3636,26896,2
3686377,2021-03-02,3636,19348,1
3686378,2021-03-01,3636,15452,2.5
3686379,2021-03-01,3636,19348,0.5
3686380,2021-03-01,3636,27017,0.5
3686381,2021-03-02,3636,19348,2.5
3686382,2021-03-03,3636,19348,2
3686383,2021-03-03,3636,15452,1.5
3686384,2021-03-04,3636,19348,2
3686385,2021-03-01,3535,20448,7.5
3686386,2021-03-02,3535,20448,7.5
3686387,2021-03-03,3535,20448,7.5
3686388,2021-03-04,3535,20448,7.5
3686389,2021-03-05,3535,20448,7.5
3686390,2021-03-08,3535,20448,7.5
3686391,2021-03-09,3535,25717,7.5
3686392,2021-03-10,3535,20448,7.5
3686393,2021-03-11,3535,20448,7.5
3686394,2021-03-12,3535,20448,7.5
3686432,2021-03-15,5727,18201,7.5
3686477,2021-03-15,3636,19348,1
3686478,2021-03-15,3636,15357,0.5
3686479,2021-03-12,3636,15357,0.5
3686494,2021-03-15,3636,15452,1
3667311,2020-12-01,5722,18201,7.5
3667312,2020-12-02,5722,18201,7.5
3667313,2020-12-03,5722,18201,7.5
3667314,2020-12-04,5722,18201,7.5
3667547,2020-12-03,5727,18201,7.5
3667647,2020-12-04,5727,18201,7.5
3667689,2020-12-08,3631,21537,1
3667719,2020-12-04,3636,26917,1
3680196,2021-02-17,3636,15452,3
3680197,2021-02-17,3636,19348,1
3680199,2021-02-16,3636,19348,3
3680662,2021-02-19,5727,18201,7.5
3680663,2021-02-17,5727,18201,7.5
3680664,2021-02-18,5727,18201,7.5
3680690,2021-02-19,5722,26994,1.5
3680832,2021-02-22,5727,18201,3.5
3680877,2021-02-22,5727,18201,4
3680879,2021-03-05,3631,21537,4
3686669,2021-03-16,5727,18201,7.5
3686865,2021-03-15,3631,25782,7.5
3686866,2021-03-16,3631,25782,7.5
3686867,2021-03-17,3631,25782,7.5
3686868,2021-03-18,3631,25782,7.5
3686869,2021-03-19,3631,25782,2.5
3681025,2021-02-25,3631,21537,7.5
3681026,2021-02-26,3631,21537,6
3681139,2021-02-16,5689,21537,7.5
3681140,2021-02-17,5689,21537,7.5
3681141,2021-02-18,5689,21537,7.5
3681142,2021-02-22,5689,21537,7.5
3681143,2021-02-19,5689,21537,7.5
3681144,2021-02-23,5689,21537,8.5
3681145,2021-02-24,5689,21537,7.5
3681146,2021-02-25,5689,21537,8.5
3681147,2021-02-26,5689,21537,7.5
3681259,2021-02-25,5727,18201,7.5
3681260,2021-02-26,5727,18201,7.5
3681305,2021-02-26,5722,27024,0.5
3681332,2021-04-05,3631,21537,7.5
3681333,2021-04-06,3631,21537,7.5
3681334,2021-03-22,3631,21537,7.5
3681335,2021-03-23,3631,21537,7.5
3681336,2021-03-24,3631,21537,7.5
3681337,2021-03-25,3631,21537,7.5
3681338,2021-03-26,3631,21537,7.5
3681339,2021-03-12,3631,21537,7.5
3681359,2021-05-21,3631,21537,7.5
3681360,2021-04-30,3631,21537,7.5
3687431,2021-03-17,5727,18201,7.5
3687447,2021-03-18,5727,18201,7.5
3687516,2021-03-19,5727,18201,7.5
3687633,2021-04-01,5689,15362,7.5
3687634,2021-03-31,5689,15362,7.5
3687675,2021-03-29,3631,26818,7.5
3687676,2021-03-30,3631,26818,7.5
3687799,2021-03-15,5722,26994,4
3687801,2021-03-15,5722,18201,2.5
3687802,2021-03-16,5722,18201,7.5
3687803,2021-03-17,5722,18201,7.5
3687804,2021-03-18,5722,18201,7.5
3687805,2021-03-19,5722,18201,7.5
3687806,2021-03-22,5722,18201,7.5
3687807,2021-03-19,3631,21537,5
3687843,2021-03-22,3636,26949,1
3687844,2021-03-19,3636,26950,1.5
3687845,2021-03-19,3636,26974,1
3687846,2021-03-22,3636,26974,1.5
3687847,2021-03-16,3636,26950,1
3687848,2021-03-16,3636,26949,1.5
3687849,2021-03-22,5727,18201,7.5
3687965,2021-04-02,3535,20448,7.5
3687985,2021-04-02,5722,18201,7.5
3687990,2021-04-02,5727,18201,7.5
3687992,2021-04-02,3636,19348,7.5
3688001,2021-04-02,3631,21537,7.5
3688022,2021-04-02,5689,15362,7.5
3688028,2021-03-23,5727,18201,7.5
3688030,2021-03-15,3535,25794,7.5
3688031,2021-03-16,3535,25794,7.5
3688065,2021-03-17,3535,20448,7.5
3688066,2021-03-18,3535,20448,7.5
3688067,2021-03-19,3535,20448,7.5
3688068,2021-03-22,3535,20448,7.5
3688069,2021-03-23,3535,20448,7.5
3688070,2021-03-24,3535,20448,7.5
3688071,2021-03-25,3535,20448,7.5
3688072,2021-03-26,3535,20448,7.5
3688073,2021-03-29,3535,20448,7.5
3688074,2021-03-30,3535,20448,7.5
3679313,2021-02-08,3631,21537,7.5
3679314,2021-02-11,3631,21537,7.5
3679582,2021-02-16,5727,18201,7.5
3679634,2021-02-12,3636,15452,3
3679635,2021-02-12,3636,19348,3
3679653,2021-02-01,3535,20448,7.5
3679654,2021-02-02,3535,20448,7.5
3679655,2021-02-03,3535,20448,7.5
3679656,2021-02-04,3535,20448,7.5
3679657,2021-02-05,3535,20448,7.5
3679658,2021-02-08,3535,20448,7.5
3679659,2021-02-09,3535,20448,7.5
3679660,2021-02-10,3535,20448,7.5
3679661,2021-02-11,3535,20448,7.5
3679663,2021-02-12,3535,20448,7.5
3679735,2021-02-16,5722,18201,7.5
3679736,2021-02-16,3631,21537,7.5
3679850,2021-02-17,5722,18201,7.5
3679851,2021-02-18,5722,18201,7.5
3679852,2021-02-19,5722,18201,6
3679853,2021-02-17,3631,21537,7.5
3679854,2021-02-18,3631,21537,7.5
3679855,2021-02-19,3631,21537,6
3662996,2020-11-10,3636,15452,1.5
3662999,2020-11-10,3636,19348,0.5
3663000,2020-11-10,5727,18201,7.5
3663040,2020-11-10,3636,15452,1
3663067,2020-11-10,3636,26896,1.5
3663122,2020-11-10,3636,26957,0.5
3663123,2020-11-10,3636,19348,0.5
3663424,2020-11-09,3631,21537,5
3663574,2020-11-09,5722,18201,7.5
3663579,2020-11-10,5722,18201,7.5
3663580,2020-11-13,5722,18201,7.5
3663581,2020-11-12,5722,18201,7.5
3663588,2020-11-09,3631,21537,2.5
3663589,2020-11-10,3631,21537,7.5
3663590,2020-11-12,3631,21537,7.5
3663591,2020-11-13,3631,21537,7.5
3663651,2020-11-13,5727,18201,7.5
3663667,2020-12-11,5722,26973,3
3663670,2020-11-09,5689,15362,3
3663671,2020-11-12,5689,21537,7.5
3663672,2020-11-13,5689,21537,7.5
3663709,2020-11-12,3636,19348,2.5
3663710,2020-11-12,3636,15452,3
3663711,2020-11-12,3636,15357,1
3663712,2020-11-13,3636,15452,3
3663713,2020-11-13,3636,19348,2
3663714,2020-11-13,3636,15452,2
3663717,2020-11-13,3636,18285,1
3663718,2020-11-13,3636,15451,0.5
3663719,2020-11-13,3636,26951,0.5
3663720,2020-11-12,3636,26948,1
3663721,2020-11-12,3636,15452,0.5
3663722,2020-11-13,3636,19348,0.5
3663723,2020-11-13,3636,19348,0.5
3663724,2020-11-12,3636,19348,0.5
3663725,2020-11-16,3636,26967,0.5
3663726,2020-11-16,3636,26974,0.75
3663814,2020-11-16,5727,18201,7.5
3670552,2020-12-17,5727,18201,7.5
3670591,2020-12-11,3636,26921,2
3670699,2020-12-18,5727,18201,7.5
3670703,2020-12-14,3631,21537,7.5
3670704,2020-12-15,3631,21537,7.5
3670705,2020-12-16,3631,21537,7.5
3670706,2020-12-17,3631,21537,7.5
3670707,2020-12-18,3631,21537,7.5
3670708,2020-12-14,5722,18201,7.5
3670709,2020-12-15,5722,18201,7.5
3670710,2020-12-16,5722,18201,7.5
3670711,2020-12-17,5722,18201,7.5
3670712,2020-12-18,5722,18201,5.5
3670713,2020-12-17,5689,15362,3
3670781,2020-12-18,5722,26994,2
3671377,2020-12-21,5727,18201,7.5
3677123,2021-02-15,5689,15362,7.5
3677240,2021-02-01,5727,18201,7.5
3677291,2021-02-01,3636,19348,0.5
3677292,2021-02-01,3636,26949,1
3677293,2021-02-01,3636,15452,2
3677310,2021-01-27,5689,15362,7.5
3677314,2021-01-28,5689,15362,8.5
3677318,2021-01-29,5689,15362,7.5
3677329,2021-02-01,5689,21537,8.5
3677332,2021-02-02,5689,21537,7.5
3677337,2021-02-05,5689,21537,6.5
3677376,2021-01-18,3535,20448,7.5
3677377,2021-01-19,3535,20448,7.5
3677378,2021-01-20,3535,20448,7.5
3677379,2021-01-21,3535,20448,7.5
3677380,2021-01-22,3535,20448,7.5
3677381,2021-01-25,3535,20448,7.5
3677382,2021-01-26,3535,20448,7.5
3677383,2021-01-27,3535,20448,7.5
3677384,2021-01-28,3535,20448,7.5
3677385,2021-01-29,3535,20448,7.5
3677807,2021-02-02,5727,18201,7.5
3678098,2021-02-01,5722,18201,7.5
3678099,2021-02-02,5722,18201,7.5
3678100,2021-02-01,3631,21537,7.5
3678101,2021-02-02,3631,21537,7.5
3682863,2021-02-24,3636,26896,2.5
3682869,2021-02-16,3636,19348,1
3682870,2021-02-17,3636,19348,1
3682873,2021-02-18,3636,19348,4
3682874,2021-02-18,3636,15452,3.5
3682877,2021-02-19,3636,19348,4
3682879,2021-02-19,3636,15452,3
3682883,2021-02-22,3636,27010,1
3682884,2021-02-22,3636,27015,1
3682886,2021-02-22,3636,27016,1
3682887,2021-02-22,3636,27017,1
3682889,2021-02-22,3636,27022,1
3682890,2021-02-22,3636,27023,1
3682892,2021-02-22,3636,19348,1.5
3682896,2021-02-24,3636,15357,0.5
3682897,2021-02-25,3636,15357,0.5
3682900,2021-02-19,3636,19348,0.5
3682908,2021-02-26,3636,19348,1
3682912,2021-02-24,3636,15452,0.5
3682919,2021-02-24,3636,19348,4
3683161,2021-02-16,3535,20448,7.5
3683162,2021-02-17,3535,20448,7.5
3683163,2021-02-18,3535,20448,7.5
3683164,2021-02-19,3535,20448,7.5
3683165,2021-02-22,3535,20448,7.5
3683166,2021-02-23,3535,20448,7.5
3683167,2021-02-24,3535,20448,7.5
3683168,2021-02-25,3535,20448,7.5
3683169,2021-02-26,3535,25717,7.5
3683245,2021-03-03,5727,18201,7.5
3683350,2021-03-04,5727,18201,7.5
3683389,2021-03-01,3636,26926,4
3683390,2021-03-04,3636,26926,4.5
3683391,2021-03-02,3636,26926,2
3683473,2021-03-05,5727,18201,7.5
3683499,2021-03-03,3631,26994,7.5
3683500,2021-03-04,3631,26994,7.5
3683501,2021-03-05,3631,26821,2
3684608,2021-03-05,5722,26994,2
3684612,2021-03-08,5727,18201,7.5
3684645,2021-03-08,3636,27028,2.5
3684648,2021-03-05,3636,26974,1
3684650,2021-03-08,3636,15452,2
3684651,2021-03-05,3636,26949,1
3684652,2021-03-05,3636,19348,1
3684653,2021-03-08,3636,26949,0.5
3684654,2021-03-08,3636,19348,1
3684678,2021-03-08,3636,26995,1
3684695,2021-03-08,3636,18285,0.5
3684714,2021-03-09,5727,18201,7.5
3684715,2021-03-09,3636,19348,1
3684727,2021-03-08,3631,26979,7.5
3684728,2021-03-09,3631,26821,7.5
3684729,2021-03-10,3631,26821,7.5
3684730,2021-03-11,3631,25782,7.5
3690180,2021-03-31,5722,18201,6.5
3690181,2021-03-31,5722,26994,1
3690182,2021-03-31,5727,18201,7.5
3690196,2021-03-31,3535,20448,7.5
3690695,2021-03-29,3636,26917,1
3690696,2021-03-30,3636,26917,1
3690700,2021-04-01,5727,18201,7.5
3690778,2021-04-01,3535,20448,7.5
3690844,2021-04-05,5689,21537,7.5
3690845,2021-03-31,3631,21537,7.5
3667947,2020-11-30,5689,21537,7.5
3667948,2020-12-01,5689,21537,7.5
3667950,2020-12-02,5689,21537,7.5
3667951,2020-12-03,5689,15362,6
3667952,2020-12-03,5689,15362,1
3667955,2020-12-04,5689,21537,7.5
3667970,2020-12-04,3636,15452,3
3668007,2020-12-03,3636,15452,2.5
3668008,2020-12-02,3636,26970,1
3668009,2020-12-02,3636,26971,1
3668010,2020-11-30,3636,15452,3
3668011,2020-12-02,3636,15357,0.5
3668013,2020-12-02,3636,15452,3.75
3668015,2020-12-02,3636,26928,0.5
3668016,2020-12-02,3636,15357,0.75
3668017,2020-12-03,3636,26987,1.5
3668018,2020-11-30,3636,26917,0.5
3668019,2020-11-30,3636,15452,0.5
3668021,2020-11-30,3636,26896,0.5
3668022,2020-12-03,3636,15452,1
3668023,2020-12-03,3636,19348,2
3668024,2020-11-30,3636,19348,3
3668025,2020-12-04,3636,26977,0.5
3668026,2020-12-04,3636,26971,0.5
3668027,2020-12-04,3636,26978,0.5
3668028,2020-12-04,3636,26987,0.5
3668029,2020-12-04,3636,26970,0.5
3668030,2020-12-04,3636,19348,1
3668031,2020-12-03,3636,19348,0.5
3668039,2020-12-07,3636,26988,2
3668194,2020-12-08,5727,18201,7.5
3668218,2020-11-24,3535,20448,7.5
3668219,2020-11-25,3535,20448,7.5
3668220,2020-11-26,3535,20448,7.5
3668221,2020-11-27,3535,20448,7.5
3668222,2020-11-30,3535,20448,7.5
3668223,2020-12-01,3535,20448,7.5
3668224,2020-12-02,3535,20448,7.5
3668225,2020-12-03,3535,20448,7.5
3668226,2020-12-04,3535,20448,7.5
3675327,2021-01-20,5727,18201,7.5
3675538,2021-01-21,5727,18201,7.5
3675574,2021-01-21,5689,15362,9.5
3675617,2021-01-19,3631,21537,7.5
3675618,2021-01-20,3631,21537,7.5
3675619,2021-01-21,3631,21537,7.5
3675620,2021-01-19,5722,18201,7.5
3675621,2021-01-20,5722,18201,7.5
3675622,2021-01-21,5722,18201,7.5
3675623,2021-01-22,5722,18201,7.5
3675625,2021-01-22,5727,18201,7.5
3675774,2021-01-29,3631,21537,2
3675931,2021-01-25,5722,18201,7.5
3675932,2021-01-25,3631,21537,7.5
3675941,2021-01-25,5727,18201,7.5
3675998,2021-01-22,5689,21537,7.5
3675999,2021-01-25,5689,21537,7.5
3676000,2021-01-26,5689,15362,10
3676009,2021-01-26,5727,18201,7.5
3676034,2021-02-12,3631,21537,7.5
3676060,2021-02-05,5689,15362,2
3676061,2021-02-11,5689,15362,2
3682102,2021-03-01,5727,18201,7.5
3682247,2021-03-08,5722,18201,7.5
3682248,2021-03-09,5722,18201,7.5
3682249,2021-03-10,5722,18201,7.5
3682250,2021-03-11,5722,18201,7.5
3682251,2021-03-12,5722,18201,7.5
3682252,2021-06-23,3631,21537,7.5
3682253,2021-06-24,3631,21537,7.5
3682254,2021-03-26,5689,15362,3
3682255,2021-03-11,5689,15362,1
3682256,2021-03-05,5689,15362,1.5
3682257,2021-03-08,5689,15362,2
3682507,2021-03-02,5727,18201,7.5
3682518,2021-03-01,5722,18201,7.5
3682519,2021-03-02,5722,18201,7.5
3682520,2021-03-03,5722,18201,7.5
3682521,2021-03-04,5722,18201,7.5
3682522,2021-03-05,5722,18201,5.5
3682523,2021-03-01,3631,26867,7.5
3682524,2021-03-02,3631,26867,7.5
3682617,2021-02-26,3636,15452,6.5
3682618,2021-02-25,3636,15452,7
3682619,2021-02-23,3636,15452,7.5
3682638,2021-02-16,3636,15357,2
3682639,2021-02-16,3636,15452,1
3682640,2021-02-16,3636,15452,0.5
3682641,2021-02-17,3636,15357,1.5
3682643,2021-02-17,3636,26896,0.5
3682644,2021-02-17,3636,15452,0.5
3689246,2021-03-16,3636,19348,1
3689370,2021-03-30,3636,27048,1.5
3689371,2021-03-30,3636,27049,1.5
3689372,2021-03-30,3636,27050,1.5
3689373,2021-03-30,3636,15452,1
3689376,2021-03-26,3636,19348,1
3689378,2021-03-26,3636,15452,1.5
3689379,2021-03-26,3636,15357,0.5
3689380,2021-03-26,3636,15452,0.5
3689382,2021-03-26,3636,26896,1
3689384,2021-03-26,3636,18285,0.5
3689385,2021-03-23,3636,19348,4.5
3689387,2021-03-23,3636,26967,0.5
3689388,2021-03-22,3636,15452,2
3689390,2021-03-19,3636,26988,1
3689391,2021-03-19,3636,19348,0.5
3689393,2021-03-19,3636,19348,1
3689395,2021-03-19,3636,27016,1
3689396,2021-03-18,3636,21635,2.5
3689398,2021-03-18,3636,19348,2
3689400,2021-03-18,3636,15452,1
3689401,2021-03-17,3636,19348,2
3689403,2021-03-18,3636,19348,2
3689404,2021-03-17,3636,19348,0.5
3689406,2021-03-17,3636,19348,0.5
3689408,2021-03-17,3636,15452,0.5
3689410,2021-03-17,3636,27016,0.5
3689414,2021-03-15,3636,19348,1.25
3689416,2021-03-15,3636,15452,1.5
3689425,2021-03-16,3636,19348,0.5
3689429,2021-03-16,3636,19348,1
3689431,2021-03-16,3636,19348,1
3689437,2021-03-16,3636,15452,1.5
3689439,2021-03-17,3636,19348,2
3689440,2021-03-17,3636,15452,1.5
3689444,2021-03-19,3636,25784,1.5
3689445,2021-03-22,3636,26974,1.5
3689446,2021-03-22,3636,26949,1.5
3689447,2021-03-23,3636,26950,1.5
3689448,2021-03-23,3636,25774,1
3689449,2021-03-26,3636,25776,0.5
3689459,2021-03-30,3636,15452,0.25
3678396,2021-02-03,3636,15452,0.5
3678450,2021-02-04,5727,18201,7.5
3678466,2021-02-04,3636,27004,0.75
3678467,2021-02-04,3636,15452,1.75
3678474,2021-02-04,3636,19348,0.5
3678491,2021-02-04,3636,19348,1.75
3678492,2021-02-03,3636,27008,2
3678493,2021-02-04,3636,27008,1
3678494,2021-02-04,3636,26967,0.75
3678496,2021-02-04,3636,15452,1
3678550,2021-02-05,3636,18285,0.75
3678555,2021-02-05,3636,19348,2
3678557,2021-02-05,5727,18201,7.5
3678564,2021-02-03,3631,21537,7.5
3678565,2021-02-04,3631,21537,7.5
3678566,2021-02-05,3631,21537,7.5
3678567,2021-02-03,5722,18201,7.5
3678568,2021-02-04,5722,18201,7.5
3678569,2021-02-05,5722,18201,5.5
3678570,2021-02-05,3636,15452,1
3678578,2021-02-05,3636,15452,0.5
3678586,2021-02-05,5722,26994,2
3678620,2021-02-05,3636,19348,0.5
3678734,2021-02-08,5727,18201,7.5
3678745,2021-02-08,3636,27022,2
3678749,2021-02-08,3636,15357,2
3678750,2021-02-05,3636,19348,1
3678751,2021-02-05,3636,26978,0.75
3678752,2021-02-05,3636,26896,1
3678769,2021-02-08,3636,19348,1.5
3678771,2021-02-08,3636,15452,0.5
3678808,2021-02-08,3636,19348,0.5
3678809,2021-02-08,3636,15452,0.25
3678810,2021-02-08,3636,19348,0.75
3678861,2021-02-08,3636,26912,1
3678895,2021-02-03,5689,21537,7.5
3678899,2021-02-04,5689,15362,8.5
3678912,2021-02-09,3636,26950,0.5
3678913,2021-02-09,3636,27022,0.5
3678914,2021-02-08,5689,21537,7.5
3678915,2021-02-09,5689,21537,7.5
3678916,2021-02-10,5689,21537,7.5
3678917,2021-02-11,5689,21537,5.5
3678927,2021-02-09,3636,27023,1
3678932,2021-02-09,3636,26967,0.25
3678933,2021-02-09,3636,27017,0.5
3678934,2021-02-09,5727,18201,7.5
3678943,2021-03-05,3631,21537,1.5
3678944,2021-02-26,3631,21537,1.5
3678945,2021-02-19,3631,21537,1.5
3678949,2021-02-12,5689,15362,7.5
3678950,2021-02-09,3636,15452,1
3678965,2021-02-09,3636,26989,0.25
3678966,2021-02-09,3636,15452,1.5
3678967,2021-02-09,3636,15452,2
3679020,2021-02-10,3636,15357,1
3679043,2021-02-10,5727,18201,7.5
3679067,2021-02-10,3636,15452,2
3679068,2021-02-10,3636,19348,1
3679069,2021-02-10,3636,15452,0.5
3679070,2021-02-10,3636,19348,0.25
3679071,2021-02-10,3636,15357,1
3679072,2021-02-10,3636,15357,0.75
3679081,2021-02-10,3636,26949,0.5
3679084,2021-02-10,3636,19348,0.5
3688207,2021-03-15,5689,21537,7.5
3688208,2021-03-16,5689,15362,7.5
3688209,2021-03-17,5689,21537,7.5
3688210,2021-03-18,5689,21537,7.5
3688211,2021-03-22,5689,21537,7.5
3688212,2021-03-23,5689,21537,7.5
3688213,2021-03-24,5689,15362,7.5
3688214,2021-03-25,5689,21537,7.5
3688215,2021-03-26,5689,21537,4.5
3688266,2021-03-24,5727,18201,7.5
3688315,2021-03-23,5722,18201,7.5
3688316,2021-03-24,5722,18201,7.5
3688317,2021-03-25,5722,18201,7.5
3688318,2021-03-26,5722,18201,6
3688337,2021-03-25,5727,18201,7.5
3688460,2021-04-30,5727,18201,7.5
3688461,2021-05-03,5727,18201,7.5
3688462,2021-05-04,5727,18201,7.5
3688463,2021-04-05,5727,18201,7.5
3688566,2021-03-26,5727,18201,7.5
3688567,2021-03-26,5722,26994,1.5
3688569,2021-03-26,3636,26967,2
3688988,2021-03-29,5727,18201,7.5
3688989,2021-03-29,5722,18201,7.5
3688990,2021-03-30,5722,18201,7.5
3688992,2021-04-01,5722,18201,7.5
3688993,2021-03-30,5727,18201,7.5
3688996,2021-03-29,5689,15362,7.5
3688997,2021-03-30,5689,15362,7.5
3689180,2021-03-15,5722,27024,1
3689181,2021-03-19,5689,15362,7.5
3690846,2021-04-01,3631,21537,7.5
3690852,2021-04-05,5722,18201,7.5
3672580,2020-12-29,3636,25780,0.5
3672581,2020-12-29,3636,25809,0.25
3672584,2020-12-29,3636,15452,0.5
3672594,2020-12-29,3636,15452,2
3672805,2021-01-04,5727,18201,7.5
3672866,2020-12-31,3636,15452,3
3672867,2020-12-31,3636,15357,1
3672868,2020-12-31,3636,15452,0.5
3672869,2020-12-31,3636,19348,3
3672870,2020-12-30,3636,19348,1
3672871,2020-12-30,3636,15452,2
3672872,2020-12-30,3636,18285,1
3672873,2020-12-30,3636,15452,1.5
3672874,2020-12-30,3636,19348,1
3672885,2021-01-04,3636,25809,0.25
3672886,2021-01-04,3636,19348,3
3672887,2021-01-04,3636,15357,0.5
3672982,2020-12-30,5727,18201,7.5
3672983,2020-12-31,5727,18201,7.5
3673092,2021-01-05,5727,18201,7.5
3673245,2020-12-29,3636,26921,1
3673246,2020-12-30,3636,26921,1
3673247,2020-12-23,3636,26921,1
